-- phpMyAdmin SQL Dump
-- version 4.9.0.1
-- https://www.phpmyadmin.net/
--
-- Anamakine: 127.0.0.1
-- Üretim Zamanı: 23 Eyl 2019, 15:18:55
-- Sunucu sürümü: 10.4.6-MariaDB
-- PHP Sürümü: 7.3.8

SET SQL_MODE = "NO_AUTO_VALUE_ON_ZERO";
SET AUTOCOMMIT = 0;
START TRANSACTION;
SET time_zone = "+00:00";


/*!40101 SET @OLD_CHARACTER_SET_CLIENT=@@CHARACTER_SET_CLIENT */;
/*!40101 SET @OLD_CHARACTER_SET_RESULTS=@@CHARACTER_SET_RESULTS */;
/*!40101 SET @OLD_COLLATION_CONNECTION=@@COLLATION_CONNECTION */;
/*!40101 SET NAMES utf8mb4 */;

--
-- Veritabanı: `server`
--

-- --------------------------------------------------------

--
-- Tablo için tablo yapısı `chat_permissions`
--

CREATE TABLE `chat_permissions` (
  `id` int(11) NOT NULL,
  `userId` int(11) NOT NULL,
  `type` int(11) NOT NULL
) ENGINE=InnoDB DEFAULT CHARSET=utf8 COLLATE=utf8_bin;

--
-- Tablo döküm verisi `chat_permissions`
--

INSERT INTO `chat_permissions` (`id`, `userId`, `type`) VALUES
(1, 1, 1);

-- --------------------------------------------------------

--
-- Tablo için tablo yapısı `log_account`
--

CREATE TABLE `log_account` (
  `LogID` int(11) NOT NULL,
  `UserID` int(11) NOT NULL,
  `IP` varchar(16) COLLATE utf8_bin NOT NULL,
  `Content` text COLLATE utf8_bin NOT NULL,
  `Amount` int(11) NOT NULL DEFAULT 0,
  `Date` timestamp NOT NULL DEFAULT current_timestamp()
) ENGINE=InnoDB DEFAULT CHARSET=utf8 COLLATE=utf8_bin;

--
-- Tablo döküm verisi `log_account`
--

INSERT INTO `log_account` (`LogID`, `UserID`, `IP`, `Content`, `Amount`, `Date`) VALUES
(1, 1, '127.0.0.1', '1', 0, '2019-08-21 19:22:13'),
(2, 1, '::1', '1', 0, '2019-08-21 19:39:07'),
(3, 1, '127.0.0.1', '1', 0, '2019-08-21 19:51:50'),
(4, 1, '127.0.0.1', '1', 0, '2019-08-21 20:30:32'),
(5, 1, '127.0.0.1', '1', 0, '2019-08-21 20:58:32'),
(6, 1, '127.0.0.1', '1', 0, '2019-08-22 12:42:33'),
(7, 1, '127.0.0.1', '1', 0, '2019-08-22 20:15:52'),
(8, 1, '127.0.0.1', '1', 0, '2019-08-23 17:13:58'),
(9, 2, '127.0.0.1', '1', 0, '2019-08-23 17:40:26'),
(10, 2, '127.0.0.1', '1', 0, '2019-08-23 18:23:49'),
(11, 1, '127.0.0.1', '1', 0, '2019-08-23 18:55:15'),
(12, 1, '127.0.0.1', '1', 0, '2019-08-24 15:24:57'),
(13, 1, '127.0.0.1', '1', 0, '2019-08-24 17:42:13'),
(14, 1, '127.0.0.1', '1', 0, '2019-08-24 19:48:39'),
(15, 2, '127.0.0.1', '1', 0, '2019-08-24 20:15:10'),
(16, 1, '127.0.0.1', '1', 0, '2019-08-27 05:51:33'),
(17, 1, '127.0.0.1', '1', 0, '2019-09-11 10:23:55'),
(18, 1, '127.0.0.1', '1', 0, '2019-09-11 11:04:18'),
(19, 2, '127.0.0.1', '1', 0, '2019-09-12 10:36:26'),
(20, 1, '127.0.0.1', '1', 0, '2019-09-12 19:04:46'),
(21, 1, '127.0.0.1', '1', 0, '2019-09-13 11:43:28'),
(22, 1, '127.0.0.1', '1', 0, '2019-09-13 17:45:41'),
(23, 1, '127.0.0.1', '1', 0, '2019-09-13 19:55:11'),
(24, 1, '127.0.0.1', '1', 0, '2019-09-14 09:08:24'),
(25, 1, '127.0.0.1', '1', 0, '2019-09-14 17:01:56'),
(26, 1, '127.0.0.1', '1', 0, '2019-09-15 11:08:20'),
(27, 1, '127.0.0.1', '1', 0, '2019-09-16 07:56:32'),
(28, 1, '127.0.0.1', '1', 0, '2019-09-16 07:56:32'),
(29, 2, '127.0.0.1', '1', 0, '2019-09-16 09:31:29'),
(30, 1, '127.0.0.1', '1', 0, '2019-09-16 09:35:53'),
(31, 1, '127.0.0.1', '1', 0, '2019-09-16 09:38:01'),
(32, 2, '127.0.0.1', '1', 0, '2019-09-16 10:55:06'),
(33, 1, '127.0.0.1', '1', 0, '2019-09-16 11:38:31'),
(34, 2, '127.0.0.1', '1', 0, '2019-09-16 20:49:40'),
(35, 2, '127.0.0.1', '1', 0, '2019-09-16 23:07:28'),
(36, 1, '127.0.0.1', '1', 0, '2019-09-17 14:50:28'),
(37, 1, '25.48.144.208', '1', 0, '2019-09-17 15:08:41'),
(38, 2, '25.49.106.67', '1', 0, '2019-09-17 15:10:35'),
(39, 1, '25.48.144.208', '1', 0, '2019-09-17 17:05:22'),
(40, 1, '25.48.144.208', '1', 0, '2019-09-17 17:05:54'),
(41, 1, '127.0.0.1', '1', 0, '2019-09-17 17:06:51'),
(42, 1, '127.0.0.1', '1', 0, '2019-09-18 07:05:51'),
(43, 2, '25.49.106.67', '1', 0, '2019-09-18 07:18:19'),
(44, 1, '127.0.0.1', '1', 0, '2019-09-18 16:35:40'),
(45, 1, '127.0.0.1', '1', 0, '2019-09-19 07:22:21'),
(46, 2, '127.0.0.1', '1', 0, '2019-09-19 07:25:14'),
(47, 1, '127.0.0.1', '1', 0, '2019-09-19 08:36:35'),
(48, 2, '25.49.106.67', '1', 0, '2019-09-19 10:45:09'),
(49, 2, '25.49.106.67', '1', 0, '2019-09-19 13:43:35'),
(50, 4, '25.49.106.67', '1', 0, '2019-09-19 13:50:40'),
(51, 1, '127.0.0.1', '1', 0, '2019-09-19 17:24:31'),
(52, 2, '127.0.0.1', '1', 0, '2019-09-19 20:26:45'),
(53, 1, '127.0.0.1', '1', 0, '2019-09-20 09:49:36'),
(54, 2, '25.49.106.67', '1', 0, '2019-09-20 09:55:30'),
(55, 1, '127.0.0.1', '1', 0, '2019-09-21 11:08:06'),
(56, 1, '127.0.0.1', '1', 0, '2019-09-21 15:30:02'),
(57, 1, '127.0.0.1', '1', 0, '2019-09-21 18:48:44'),
(58, 2, '127.0.0.1', '1', 0, '2019-09-21 20:47:00'),
(59, 1, '127.0.0.1', '1', 0, '2019-09-21 21:43:01'),
(60, 7, '25.94.12.235', '1', 0, '2019-09-21 21:45:53'),
(61, 1, '127.0.0.1', '1', 0, '2019-09-22 22:20:23'),
(62, 2, '127.0.0.1', '1', 0, '2019-09-22 22:22:24'),
(63, 1, '127.0.0.1', '1', 0, '2019-09-22 23:17:39'),
(64, 2, '127.0.0.1', '1', 0, '2019-09-22 23:17:51'),
(65, 1, '127.0.0.1', '1', 0, '2019-09-23 11:24:21'),
(66, 2, '25.49.106.67', '1', 0, '2019-09-23 11:24:34'),
(67, 6, '25.93.254.172', '1', 0, '2019-09-23 11:30:21');

-- --------------------------------------------------------

--
-- Tablo için tablo yapısı `log_event_jpb`
--

CREATE TABLE `log_event_jpb` (
  `id` int(11) NOT NULL,
  `players` text COLLATE utf8_bin NOT NULL,
  `finalists` text COLLATE utf8_bin NOT NULL,
  `winner_id` int(11) NOT NULL,
  `start_date` datetime NOT NULL,
  `end_date` datetime NOT NULL
) ENGINE=InnoDB DEFAULT CHARSET=utf8 COLLATE=utf8_bin;

--
-- Tablo döküm verisi `log_event_jpb`
--

INSERT INTO `log_event_jpb` (`id`, `players`, `finalists`, `winner_id`, `start_date`, `end_date`) VALUES
(1, '[1,2]', '[1,2]', 1, '2019-08-23 21:00:24', '2019-08-23 21:00:56'),
(2, '[2]', '[]', 2, '2019-09-17 00:01:59', '2019-09-17 00:02:00'),
(3, '[1,2]', '[]', 2, '2019-09-17 15:04:49', '2019-09-17 15:04:50'),
(4, '[1,2]', '[1,2]', 1, '2019-09-17 15:10:40', '2019-09-17 15:11:18'),
(5, '[1,2]', '[1,2]', 1, '2019-09-17 16:03:56', '2019-09-17 16:05:00'),
(6, '[1,2]', '[1,2]', 2, '2019-09-17 18:23:49', '2019-09-17 18:24:26'),
(7, '[1,2]', '[1,2]', 1, '2019-09-17 18:24:40', '2019-09-17 18:25:12');

-- --------------------------------------------------------

--
-- Tablo için tablo yapısı `log_player_kills`
--

CREATE TABLE `log_player_kills` (
  `id` int(11) NOT NULL,
  `killer_id` int(11) NOT NULL,
  `target_id` int(11) NOT NULL,
  `date_added` timestamp NOT NULL DEFAULT current_timestamp()
) ENGINE=InnoDB DEFAULT CHARSET=utf8 COLLATE=utf8_bin;

--
-- Tablo döküm verisi `log_player_kills`
--

INSERT INTO `log_player_kills` (`id`, `killer_id`, `target_id`, `date_added`) VALUES
(1, 1, 2, '2019-08-23 18:00:56'),
(2, 1, 2, '2019-08-23 18:03:10'),
(3, 1, 75836, '2019-09-15 18:07:00'),
(4, 1, 2, '2019-09-16 20:58:03'),
(5, 1, 2, '2019-09-16 21:57:24'),
(6, 1, 2, '2019-09-16 22:07:05'),
(7, 1, 2, '2019-09-16 22:09:09'),
(8, 1, 2, '2019-09-16 22:18:25'),
(9, 1, 2, '2019-09-16 22:21:14'),
(10, 1, 2, '2019-09-16 22:26:09'),
(11, 1, 2, '2019-09-16 22:32:31'),
(12, 1, 73778, '2019-09-16 22:48:33'),
(13, 1, 7092, '2019-09-16 22:49:12'),
(14, 1, 22370, '2019-09-16 22:51:45'),
(15, 1, 70962, '2019-09-16 22:56:12'),
(16, 1, 2, '2019-09-17 11:51:33'),
(17, 1, 1, '2019-09-17 11:52:35'),
(18, 1, 2, '2019-09-17 12:11:18'),
(19, 1, 2, '2019-09-17 13:08:17'),
(20, 1, 44353, '2019-09-17 15:16:42'),
(21, 1, 44353, '2019-09-17 15:18:04'),
(22, 1, 44353, '2019-09-17 15:18:07'),
(23, 1, 2, '2019-09-17 15:18:50'),
(24, 1, 2, '2019-09-17 15:18:59'),
(25, 1, 2, '2019-09-17 15:19:31'),
(26, 1, 2, '2019-09-17 15:20:24'),
(27, 1, 1, '2019-09-17 15:24:26'),
(28, 2, 1, '2019-09-17 15:27:22'),
(29, 1, 56163, '2019-09-17 15:43:25'),
(30, 1, 87860, '2019-09-17 15:45:10'),
(31, 1, 87860, '2019-09-17 15:45:13'),
(32, 1, 87860, '2019-09-17 15:45:20'),
(33, 1, 58609, '2019-09-17 15:57:38'),
(34, 1, 58609, '2019-09-17 15:57:41'),
(35, 1, 12148, '2019-09-17 16:01:40'),
(36, 1, 83988, '2019-09-17 16:02:00'),
(37, 1, 83988, '2019-09-17 16:02:06'),
(38, 1, 83988, '2019-09-17 16:02:11'),
(39, 1, 61932, '2019-09-17 16:03:40'),
(40, 1, 20310, '2019-09-17 16:04:09'),
(41, 1, 76979, '2019-09-17 16:05:10'),
(42, 1, 76979, '2019-09-17 16:05:14'),
(43, 1, 52059, '2019-09-17 16:05:35'),
(44, 1, 72242, '2019-09-17 16:08:25'),
(45, 2, 4, '2019-09-18 08:01:56'),
(46, 2, 3, '2019-09-18 08:04:26'),
(47, 1, 60824, '2019-09-18 08:07:44'),
(48, 2, 86065, '2019-09-18 08:07:47'),
(49, 1, 60824, '2019-09-18 08:07:49'),
(50, 1, 59598, '2019-09-19 10:54:58'),
(51, 2, 1, '2019-09-19 11:07:52'),
(52, 2, 54156, '2019-09-19 11:14:26'),
(53, 1, 72162, '2019-09-19 19:31:37'),
(54, 1, 41482, '2019-09-19 19:32:32'),
(55, 1, 41482, '2019-09-19 19:32:36'),
(56, 1, 8067, '2019-09-19 19:33:08'),
(57, 1, 9246, '2019-09-19 19:58:37'),
(58, 1, 35292, '2019-09-20 09:52:37'),
(59, 1, 35292, '2019-09-20 09:52:40'),
(60, 2, 1, '2019-09-20 09:56:29'),
(61, 2, 1, '2019-09-20 09:57:04'),
(62, 2, 1, '2019-09-20 10:01:36'),
(63, 1, 2, '2019-09-20 10:02:07'),
(64, 1, 2, '2019-09-20 10:04:28'),
(65, 1, 91900, '2019-09-20 12:19:42'),
(66, 1, 91900, '2019-09-20 12:19:47'),
(67, 1, 34241, '2019-09-20 12:20:54'),
(68, 1, 6, '2019-09-21 21:39:59'),
(69, 1, 1, '2019-09-21 21:46:15'),
(70, 1, 97710, '2019-09-21 21:51:56'),
(71, 1, 97710, '2019-09-21 21:52:00'),
(72, 1, 97710, '2019-09-21 21:52:03'),
(73, 1, 97710, '2019-09-21 21:52:44'),
(74, 1, 97710, '2019-09-21 21:52:47'),
(75, 1, 97710, '2019-09-21 21:52:58'),
(76, 1, 2, '2019-09-23 11:47:37'),
(77, 1, 11703, '2019-09-23 11:51:13'),
(78, 1, 2, '2019-09-23 11:52:15'),
(79, 2, 1, '2019-09-23 11:53:11'),
(80, 1, 11703, '2019-09-23 11:54:03'),
(81, 6, 30300, '2019-09-23 11:54:25'),
(82, 1, 2, '2019-09-23 11:55:19');

-- --------------------------------------------------------

--
-- Tablo için tablo yapısı `player_accounts`
--

CREATE TABLE `player_accounts` (
  `userID` int(11) NOT NULL,
  `sessionID` varchar(32) COLLATE utf8_bin NOT NULL,
  `Data` varchar(255) COLLATE utf8_bin NOT NULL DEFAULT '{"uridium":0,"credits":0,"honor":0,"experience":0,"jackpot":0}',
  `Info` varchar(255) COLLATE utf8_bin NOT NULL,
  `username` varchar(20) COLLATE utf8_bin NOT NULL,
  `shipName` varchar(20) COLLATE utf8_bin NOT NULL,
  `petName` varchar(20) COLLATE utf8_bin NOT NULL DEFAULT 'P.E.T 15',
  `password` varchar(255) COLLATE utf8_bin NOT NULL,
  `email` varchar(255) COLLATE utf8_bin NOT NULL,
  `level` tinyint(3) NOT NULL DEFAULT 1,
  `shipID` int(3) NOT NULL DEFAULT 10,
  `premium` tinyint(1) NOT NULL DEFAULT 0,
  `title` varchar(128) COLLATE utf8_bin NOT NULL,
  `profileID` varchar(6) COLLATE utf8_bin NOT NULL,
  `factionID` int(1) NOT NULL DEFAULT 0,
  `clanID` int(11) NOT NULL DEFAULT 0,
  `rankID` int(2) NOT NULL DEFAULT 1,
  `rankPoints` bigint(16) NOT NULL DEFAULT 100,
  `rank` int(11) NOT NULL DEFAULT 0,
  `PilotProfile` varchar(2500) COLLATE utf8_bin NOT NULL DEFAULT '{"Info":0,"Clan":0,"Equipment":0,"SkillTree":0,"title":"","statusMessage":"","friendRequest":true,"friends":{}}',
  `extraEnergy` int(11) NOT NULL,
  `Version` int(1) NOT NULL DEFAULT 1
) ENGINE=InnoDB DEFAULT CHARSET=utf8 COLLATE=utf8_bin;

--
-- Tablo döküm verisi `player_accounts`
--

INSERT INTO `player_accounts` (`userID`, `sessionID`, `Data`, `Info`, `username`, `shipName`, `petName`, `password`, `email`, `level`, `shipID`, `premium`, `title`, `profileID`, `factionID`, `clanID`, `rankID`, `rankPoints`, `rank`, `PilotProfile`, `extraEnergy`, `Version`) VALUES
(1, 'wacFM4zgF6fsD3fpRiNcGnmc5sgrJSnM', '{\"uridium\":225,\"credits\":147216,\"honor\":72253,\"experience\":12113396,\"jackpot\":0}', '{\"LastLoginIP\":\"127.0.0.1\",\"RegisterIP\":\"::1\",\"MapID\":9,\"CreatedDate\":\"21.08.2019 22:20:30\",\"Profile\":\"Avatar.png\"}', 'Legionary', 'Legionary', 'P.E.T 15', '$2y$10$xbQ2Ldmi4c.dJ4z4m/cgpOKWCfhWY1EL2tFB0vQhMJ6yh9JNBOJjW', 'yusufsahinhamza@gmail.com', 12, 65, 0, 'title_jackpot_battle_winner', 'DUSME4', 3, 30, 21, 100, 0, '{\"Info\":0,\"Clan\":0,\"Equipment\":0,\"SkillTree\":0,\"title\":\"\",\"statusMessage\":\"\",\"friendRequest\":true,\"friends\":{}}', 0, 2),
(2, 'S5nimFPppzohDwC0AtoZfuc3Z7r5NZ1H', '{\"uridium\":356,\"credits\":1311,\"honor\":35020,\"experience\":5368533,\"jackpot\":0}', '{\"LastLoginIP\":\"25.49.106.67\",\"RegisterIP\":\"127.0.0.1\",\"MapID\":5,\"CreatedDate\":\"23.08.2019 00:58:11\",\"Profile\":\"Avatar.png\"}', 'test', 'Кqιѕєя', 'AK47', '$2y$10$xbQ2Ldmi4c.dJ4z4m/cgpOKWCfhWY1EL2tFB0vQhMJ6yh9JNBOJjW', 'test@gmail.com', 11, 69, 0, '', 'FhsD17', 3, 19, 21, 100, 0, '{\"Info\":0,\"Clan\":0,\"Equipment\":0,\"SkillTree\":0,\"title\":\"\",\"statusMessage\":\"\",\"friendRequest\":true,\"friends\":{}}', 0, 2),
(3, 'yi5hzvUxuM9MmelBXsdO82UJ6MAjyNg0', '{\"uridium\":0,\"credits\":0,\"honor\":0,\"experience\":0,\"jackpot\":0}', '{\"LastLoginIP\":\"127.0.0.1\",\"RegisterIP\":\"127.0.0.1\",\"MapID\":9,\"CreatedDate\":\"18.09.2019 10:32:40\",\"Profile\":\"Avatar.png\"}', 'test2', 'test2', 'P.E.T 15', '$2y$10$zW6L1w4GGmPFzhXdbzMYWeG1LDQ70L.uKkLVg9rVKta2uwoCfth46', 'yusufhamza59@hotmail.com', 1, 10, 0, '', 'QoNepG', 3, 0, 1, 100, 0, '{\"Info\":0,\"Clan\":0,\"Equipment\":0,\"SkillTree\":0,\"title\":\"\",\"statusMessage\":\"\",\"friendRequest\":true,\"friends\":{}}', 0, 1),
(4, 'C4eT3XRlWkmFTU2r2PxKUxjazyITRRoF', '{\"uridium\":0,\"credits\":0,\"honor\":0,\"experience\":0,\"jackpot\":0}', '{\"LastLoginIP\":\"25.49.106.67\",\"RegisterIP\":\"25.49.106.67\",\"MapID\":5,\"CreatedDate\":\"18.09.2019 10:46:44\",\"Profile\":\"Avatar.png\"}', 'DipcikYusuf', 'DipcikYusuf', 'P.E.T 15', '$2y$10$dJc2UQcciGG1bGkLJ.cTde4zozJoXWWJKjEKJm/DhxgXhyEFnHCJe', 'asfajkuajwt@gmail.com', 1, 10, 0, '', 'Ri7Pof', 3, 0, 1, 100, 0, '{\"Info\":0,\"Clan\":0,\"Equipment\":0,\"SkillTree\":0,\"title\":\"\",\"statusMessage\":\"\",\"friendRequest\":true,\"friends\":{}}', 0, 1),
(5, 'NHosZfLu66EnLpQfBoCURWNopZzSei3F', '{\"uridium\":0,\"credits\":0,\"honor\":0,\"experience\":0,\"jackpot\":0}', '{\"LastLoginIP\":\"127.0.0.1\",\"RegisterIP\":\"127.0.0.1\",\"MapID\":9,\"CreatedDate\":\"19.09.2019 14:45:41\",\"Profile\":\"Avatar.png\"}', 'test1', 'test1', 'P.E.T 15', '$2y$10$AjbPH.JnttlO0Z2kvVWZE.r662c.ObpqpaDlQRoHTOeDnk.qTWlAS', 'yusufhamzas59@hotmail.com', 1, 10, 0, '', 'lVCKYg', 2, 21, 1, 100, 0, '{\"Info\":0,\"Clan\":0,\"Equipment\":0,\"SkillTree\":0,\"title\":\"\",\"statusMessage\":\"\",\"friendRequest\":true,\"friends\":{}}', 0, 1),
(6, 'gndBv5E4jFDdvat6KHyprZeL0jY2qmU3', '{\"uridium\":838,\"credits\":150820,\"honor\":0,\"experience\":0,\"jackpot\":0}', '{\"LastLoginIP\":\"25.93.254.172\",\"RegisterIP\":\"25.93.254.172\",\"MapID\":9,\"CreatedDate\":\"22.09.2019 00:23:38\",\"Profile\":\"Avatar.png\"}', 'SametOzturk', 'SametOzturk', 'P.E.T 15', '$2y$10$H51ZCZJE3BuerQry.hUfZO2lYxiirwJt6QiW0iX3Qz6StAXx8zSeK', 'sametozturk@infinityorbit.com', 1, 66, 0, '', 'rGrvDX', 3, 31, 21, 100, 0, '{\"Info\":0,\"Clan\":0,\"Equipment\":0,\"SkillTree\":0,\"title\":\"\",\"statusMessage\":\"\",\"friendRequest\":true,\"friends\":{}}', 0, 1),
(7, '9hUeHlGRWb8Q6ux0a9dRwa3MDtJ8Qcgt', '{\"uridium\":0,\"credits\":0,\"honor\":0,\"experience\":0,\"jackpot\":0}', '{\"LastLoginIP\":\"25.94.12.235\",\"RegisterIP\":\"25.94.12.235\",\"MapID\":9,\"CreatedDate\":\"22.09.2019 00:29:35\",\"Profile\":\"Avatar.png\"}', 'DeepBlueeM', 'DeepBlueeM', 'P.E.T 15', '$2y$10$5DNJ7Jarl2L0BXWyIX94d.tMhrC9gDZqqII5x1vepkShuH4YsLaGu', 'deepblueem@gmail.com', 1, 66, 0, '', 'sLSInb', 3, 32, 21, 100, 0, '{\"Info\":0,\"Clan\":0,\"Equipment\":0,\"SkillTree\":0,\"title\":\"\",\"statusMessage\":\"\",\"friendRequest\":true,\"friends\":{}}', 0, 2);

-- --------------------------------------------------------

--
-- Tablo için tablo yapısı `player_change_email`
--

CREATE TABLE `player_change_email` (
  `UserID` int(11) NOT NULL,
  `OldEmail` varchar(255) COLLATE utf8_bin NOT NULL,
  `NewEmail` varchar(255) COLLATE utf8_bin NOT NULL,
  `OldHash` varchar(255) COLLATE utf8_bin NOT NULL,
  `NewHash` varchar(255) COLLATE utf8_bin NOT NULL,
  `OldCheck` int(11) NOT NULL DEFAULT 0,
  `NewCheck` int(11) NOT NULL DEFAULT 0
) ENGINE=InnoDB DEFAULT CHARSET=utf8 COLLATE=utf8_bin;

-- --------------------------------------------------------

--
-- Tablo için tablo yapısı `player_equipment`
--

CREATE TABLE `player_equipment` (
  `userId` int(11) NOT NULL,
  `config1_lasers` text COLLATE utf8_bin NOT NULL DEFAULT '[]',
  `config1_generators` text COLLATE utf8_bin NOT NULL DEFAULT '[]',
  `config1_drones` text COLLATE utf8_bin NOT NULL DEFAULT '[{"items":[],"designs":[]},{"items":[],"designs":[]},{"items":[],"designs":[]},{"items":[],"designs":[]},{"items":[],"designs":[]},{"items":[],"designs":[]},{"items":[],"designs":[]},{"items":[],"designs":[]},{"items":[],"designs":[]},{"items":[],"designs":[]}]',
  `config2_lasers` text COLLATE utf8_bin NOT NULL DEFAULT '[]',
  `config2_generators` text COLLATE utf8_bin NOT NULL DEFAULT '[]',
  `config2_drones` text COLLATE utf8_bin NOT NULL DEFAULT '[{"items":[],"designs":[]},{"items":[],"designs":[]},{"items":[],"designs":[]},{"items":[],"designs":[]},{"items":[],"designs":[]},{"items":[],"designs":[]},{"items":[],"designs":[]},{"items":[],"designs":[]},{"items":[],"designs":[]},{"items":[],"designs":[]}]',
  `items` text COLLATE utf8_bin NOT NULL DEFAULT '{"lf4Count":0,"havocCount":0,"herculesCount":0,"apis":false,"zeus":false, "pet": false}',
  `modules` longtext COLLATE utf8_bin NOT NULL DEFAULT '[]',
  `boosters` longtext COLLATE utf8_bin NOT NULL DEFAULT '{}',
  `configs` text COLLATE utf8_bin NOT NULL
) ENGINE=InnoDB DEFAULT CHARSET=utf8 COLLATE=utf8_bin;

--
-- Tablo döküm verisi `player_equipment`
--

INSERT INTO `player_equipment` (`userId`, `config1_lasers`, `config1_generators`, `config1_drones`, `config2_lasers`, `config2_generators`, `config2_drones`, `items`, `modules`, `boosters`, `configs`) VALUES
(1, '[]', '[]', '[{\"items\":[],\"designs\":[]},{\"items\":[],\"designs\":[]},{\"items\":[],\"designs\":[]},{\"items\":[],\"designs\":[]},{\"items\":[],\"designs\":[]},{\"items\":[],\"designs\":[]},{\"items\":[],\"designs\":[]},{\"items\":[],\"designs\":[]},{\"items\":[],\"designs\":[]},{\"items\":[],\"designs\":[]}]', '[]', '[]', '[{\"items\":[],\"designs\":[]},{\"items\":[],\"designs\":[]},{\"items\":[],\"designs\":[]},{\"items\":[],\"designs\":[]},{\"items\":[],\"designs\":[]},{\"items\":[],\"designs\":[]},{\"items\":[],\"designs\":[]},{\"items\":[],\"designs\":[]},{\"items\":[],\"designs\":[]},{\"items\":[],\"designs\":[]}]', '{\"lf4Count\":40,\"havocCount\":10,\"herculesCount\":10,\"apis\":true,\"zeus\":true, \"pet\": false,\"ships\":[156,49,69,70]}', '[{\"Id\":1,\"Type\":7,\"InUse\":false},{\"Id\":2,\"Type\":7,\"InUse\":false},{\"Id\":3,\"Type\":8,\"InUse\":false},{\"Id\":4,\"Type\":7,\"InUse\":false},{\"Id\":5,\"Type\":7,\"InUse\":false},{\"Id\":6,\"Type\":8,\"InUse\":false},{\"Id\":7,\"Type\":3,\"InUse\":false},{\"Id\":8,\"Type\":2,\"InUse\":false},{\"Id\":9,\"Type\":4,\"InUse\":false},{\"Id\":10,\"Type\":4,\"InUse\":false},{\"Id\":11,\"Type\":7,\"InUse\":false},{\"Id\":12,\"Type\":7,\"InUse\":false},{\"Id\":13,\"Type\":7,\"InUse\":false},{\"Id\":14,\"Type\":7,\"InUse\":false},{\"Id\":15,\"Type\":7,\"InUse\":false},{\"Id\":16,\"Type\":7,\"InUse\":false}]', '{}', '{\"Config1Hitpoints\":316000,\"Config1Damage\":0,\"Config1Shield\":0,\"Config1Speed\":360,\"Config2Hitpoints\":316000,\"Config2Damage\":0,\"Config2Shield\":0,\"Config2Speed\":360}'),
(2, '[\"140\",\"141\",\"142\",\"143\",\"144\",\"145\",\"146\"]', '[\"100\",\"101\",\"102\",\"103\",\"104\",\"105\",\"106\",\"107\",\"108\",\"109\",\"110\",\"111\",\"112\",\"113\",\"114\",\"115\",\"116\",\"117\",\"118\",\"119\"]', '[{\"items\":[\"99\",\"98\"],\"designs\":[\"139\"]},{\"items\":[\"97\",\"96\"],\"designs\":[\"138\"]},{\"items\":[\"95\",\"94\"],\"designs\":[\"137\"]},{\"items\":[\"93\",\"92\"],\"designs\":[\"136\"]},{\"items\":[\"91\",\"90\"],\"designs\":[\"135\"]},{\"items\":[\"89\",\"88\"],\"designs\":[\"134\"]},{\"items\":[\"87\",\"86\"],\"designs\":[\"133\"]},{\"items\":[\"85\",\"84\"],\"designs\":[\"132\"]},{\"items\":[\"83\",\"82\"],\"designs\":[\"131\"]},{\"items\":[\"81\",\"80\"],\"designs\":[\"130\"]}]', '[\"140\",\"141\",\"142\",\"143\",\"144\",\"145\",\"146\"]', '[\"40\",\"41\",\"42\",\"43\",\"44\",\"45\",\"46\",\"47\",\"48\",\"49\",\"50\",\"51\",\"52\",\"53\",\"54\",\"55\",\"56\",\"57\",\"58\",\"59\"]', '[{\"items\":[\"179\",\"178\"],\"designs\":[\"129\"]},{\"items\":[\"177\",\"176\"],\"designs\":[\"128\"]},{\"items\":[\"175\",\"174\"],\"designs\":[\"127\"]},{\"items\":[\"173\",\"172\"],\"designs\":[\"126\"]},{\"items\":[\"171\",\"170\"],\"designs\":[\"125\"]},{\"items\":[\"169\",\"168\"],\"designs\":[\"124\"]},{\"items\":[\"167\",\"166\"],\"designs\":[\"123\"]},{\"items\":[\"165\",\"164\"],\"designs\":[\"122\"]},{\"items\":[\"163\",\"162\"],\"designs\":[\"121\"]},{\"items\":[\"161\",\"160\"],\"designs\":[\"120\"]}]', '{\"lf4Count\":40,\"havocCount\":10,\"herculesCount\":10,\"apis\":true,\"zeus\":true, \"pet\": true,\"ships\":[156,49,69,70]}', '[{\"Type\":7,\"InUse\":true},{\"Type\":7,\"InUse\":true},{\"Type\":7,\"InUse\":true},{\"Type\":7,\"InUse\":true},{\"Type\":7,\"InUse\":true},{\"Type\":7,\"InUse\":true},{\"Type\":7,\"InUse\":true},{\"Type\":7,\"InUse\":true},{\"Type\":2,\"InUse\":true},{\"Type\":3,\"InUse\":true}]', '{}', '{\"Config1Hitpoints\":720000,\"Config1Damage\":1400,\"Config1Shield\":276000,\"Config1Speed\":528,\"Config2Hitpoints\":610000,\"Config2Damage\":6380,\"Config2Shield\":200000,\"Config2Speed\":288}'),
(3, '[]', '[\"100\",\"101\",\"102\",\"103\",\"104\",\"105\",\"106\",\"107\",\"108\",\"109\",\"110\",\"111\",\"112\",\"113\",\"114\"]', '[{\"items\":[],\"designs\":[]},{\"items\":[],\"designs\":[]},{\"items\":[],\"designs\":[]},{\"items\":[],\"designs\":[]},{\"items\":[],\"designs\":[]},{\"items\":[],\"designs\":[]},{\"items\":[],\"designs\":[]},{\"items\":[],\"designs\":[]},{\"items\":[],\"designs\":[]},{\"items\":[],\"designs\":[]}]', '[]', '[]', '[{\"items\":[],\"designs\":[]},{\"items\":[],\"designs\":[]},{\"items\":[],\"designs\":[]},{\"items\":[],\"designs\":[]},{\"items\":[],\"designs\":[]},{\"items\":[],\"designs\":[]},{\"items\":[],\"designs\":[]},{\"items\":[],\"designs\":[]},{\"items\":[],\"designs\":[]},{\"items\":[],\"designs\":[]}]', '{\"lf4Count\":0,\"havocCount\":0,\"herculesCount\":0,\"apis\":false,\"zeus\":false, \"pet\": false,\"ships\":[156,49,69,70]}', '[{\"Type\":7,\"InUse\":false},{\"Type\":7,\"InUse\":false},{\"Type\":7,\"InUse\":false},{\"Type\":7,\"InUse\":false},{\"Type\":7,\"InUse\":false},{\"Type\":7,\"InUse\":false},{\"Type\":7,\"InUse\":false},{\"Type\":7,\"InUse\":false},{\"Type\":2,\"InUse\":false},{\"Type\":3,\"InUse\":false}]', '{}', '{\"Config1Hitpoints\":316000,\"Config1Damage\":0,\"Config1Shield\":0,\"Config1Speed\":540,\"Config2Hitpoints\":316000,\"Config2Damage\":0,\"Config2Shield\":0,\"Config2Speed\":360}'),
(4, '[\"0\",\"1\",\"2\",\"3\",\"4\",\"5\",\"6\",\"7\",\"8\",\"9\",\"10\",\"11\",\"12\",\"13\",\"14\"]', '[\"100\",\"101\",\"102\",\"103\",\"104\",\"105\",\"106\",\"107\",\"108\",\"109\",\"110\",\"111\",\"112\",\"113\",\"114\"]', '[{\"items\":[\"99\",\"98\"],\"designs\":[]},{\"items\":[\"97\",\"96\"],\"designs\":[]},{\"items\":[\"95\",\"94\"],\"designs\":[]},{\"items\":[\"93\",\"92\"],\"designs\":[]},{\"items\":[\"91\",\"90\"],\"designs\":[]},{\"items\":[\"89\",\"88\"],\"designs\":[]},{\"items\":[\"87\",\"86\"],\"designs\":[]},{\"items\":[\"85\",\"84\"],\"designs\":[]},{\"items\":[],\"designs\":[]},{\"items\":[],\"designs\":[]}]', '[\"0\",\"1\",\"2\",\"3\",\"4\",\"5\",\"6\",\"7\",\"8\",\"9\",\"10\",\"11\",\"12\",\"13\",\"14\"]', '[\"40\",\"41\",\"42\",\"43\",\"44\",\"45\",\"46\",\"47\",\"48\",\"49\",\"50\",\"51\",\"52\",\"53\",\"54\"]', '[{\"items\":[\"39\",\"38\"],\"designs\":[]},{\"items\":[\"37\",\"36\"],\"designs\":[]},{\"items\":[\"35\",\"34\"],\"designs\":[]},{\"items\":[\"33\",\"32\"],\"designs\":[]},{\"items\":[\"31\",\"30\"],\"designs\":[]},{\"items\":[\"29\",\"28\"],\"designs\":[]},{\"items\":[\"27\",\"26\"],\"designs\":[]},{\"items\":[\"25\",\"24\"],\"designs\":[]},{\"items\":[],\"designs\":[]},{\"items\":[],\"designs\":[]}]', '{\"lf4Count\":0,\"havocCount\":0,\"herculesCount\":0,\"apis\":false,\"zeus\":false, \"pet\": false,\"ships\":[156,49,69,70]}', '[{\"Type\":7,\"InUse\":false},{\"Type\":7,\"InUse\":false},{\"Type\":7,\"InUse\":false},{\"Type\":7,\"InUse\":false},{\"Type\":7,\"InUse\":false},{\"Type\":7,\"InUse\":false},{\"Type\":7,\"InUse\":false},{\"Type\":7,\"InUse\":false},{\"Type\":2,\"InUse\":false},{\"Type\":3,\"InUse\":false}]', '{}', '{\"Config1Hitpoints\":316000,\"Config1Damage\":2250,\"Config1Shield\":192000,\"Config1Speed\":540,\"Config2Hitpoints\":316000,\"Config2Damage\":4890,\"Config2Shield\":150000,\"Config2Speed\":360}'),
(5, '[]', '[]', '[{\"items\":[],\"designs\":[]},{\"items\":[],\"designs\":[]},{\"items\":[],\"designs\":[]},{\"items\":[],\"designs\":[]},{\"items\":[],\"designs\":[]},{\"items\":[],\"designs\":[]},{\"items\":[],\"designs\":[]},{\"items\":[],\"designs\":[]},{\"items\":[],\"designs\":[]},{\"items\":[],\"designs\":[]}]', '[]', '[]', '[{\"items\":[],\"designs\":[]},{\"items\":[],\"designs\":[]},{\"items\":[],\"designs\":[]},{\"items\":[],\"designs\":[]},{\"items\":[],\"designs\":[]},{\"items\":[],\"designs\":[]},{\"items\":[],\"designs\":[]},{\"items\":[],\"designs\":[]},{\"items\":[],\"designs\":[]},{\"items\":[],\"designs\":[]}]', '{\"lf4Count\":0,\"havocCount\":0,\"herculesCount\":0,\"apis\":false,\"zeus\":false, \"pet\": false}', '[]', '{}', ''),
(6, '[\"36\",\"37\",\"32\",\"33\",\"34\",\"38\",\"28\",\"29\",\"30\",\"31\",\"35\",\"39\",\"24\",\"25\",\"26\"]', '[\"70\",\"41\",\"42\",\"110\",\"101\",\"104\",\"105\",\"102\",\"106\",\"100\",\"103\",\"107\",\"108\",\"109\",\"111\"]', '[{\"items\":[\"74\",\"69\"],\"designs\":[]},{\"items\":[\"73\",\"68\"],\"designs\":[]},{\"items\":[\"72\",\"40\"],\"designs\":[]},{\"items\":[\"67\",\"66\"],\"designs\":[]},{\"items\":[\"76\",\"43\"],\"designs\":[]},{\"items\":[\"20\",\"19\"],\"designs\":[]},{\"items\":[\"18\",\"17\"],\"designs\":[]},{\"items\":[\"27\",\"23\"],\"designs\":[]},{\"items\":[],\"designs\":[]},{\"items\":[],\"designs\":[]}]', '[\"36\",\"37\",\"32\",\"33\",\"34\",\"38\",\"28\",\"29\",\"30\",\"31\",\"35\",\"39\",\"24\",\"25\",\"26\"]', '[\"96\",\"92\",\"93\",\"97\",\"94\",\"98\",\"95\",\"99\",\"88\",\"89\",\"90\",\"91\",\"110\",\"101\",\"102\"]', '[{\"items\":[\"15\",\"14\"],\"designs\":[]},{\"items\":[\"13\",\"0\"],\"designs\":[]},{\"items\":[\"19\",\"18\"],\"designs\":[]},{\"items\":[\"17\",\"16\"],\"designs\":[]},{\"items\":[\"23\",\"22\"],\"designs\":[]},{\"items\":[\"21\",\"20\"],\"designs\":[]},{\"items\":[\"27\",\"8\"],\"designs\":[]},{\"items\":[\"6\",\"5\"],\"designs\":[]},{\"items\":[],\"designs\":[]},{\"items\":[],\"designs\":[]}]', '{\"lf4Count\":40,\"havocCount\":10,\"herculesCount\":10,\"apis\":true,\"zeus\":true, \"pet\": false}', '[]', '{}', '{\"Config1Hitpoints\":316000,\"Config1Damage\":3240,\"Config1Shield\":150000,\"Config1Speed\":504,\"Config2Hitpoints\":316000,\"Config2Damage\":4890,\"Config2Shield\":120000,\"Config2Speed\":396}'),
(7, '[\"3\",\"7\",\"4\",\"8\",\"11\",\"12\",\"5\",\"9\",\"13\",\"15\",\"16\",\"17\",\"0\",\"19\",\"21\"]', '[\"110\",\"104\",\"101\",\"105\",\"108\",\"109\",\"100\",\"102\",\"106\",\"112\",\"113\",\"114\",\"103\",\"107\",\"111\"]', '[{\"items\":[\"99\",\"95\"],\"designs\":[]},{\"items\":[\"91\",\"90\"],\"designs\":[]},{\"items\":[\"89\",\"88\"],\"designs\":[]},{\"items\":[\"98\",\"94\"],\"designs\":[]},{\"items\":[\"97\",\"93\"],\"designs\":[]},{\"items\":[\"92\",\"96\"],\"designs\":[]},{\"items\":[\"10\",\"6\"],\"designs\":[]},{\"items\":[\"2\",\"27\"],\"designs\":[]},{\"items\":[],\"designs\":[]},{\"items\":[],\"designs\":[]}]', '[\"3\",\"7\",\"4\",\"8\",\"11\",\"12\",\"5\",\"9\",\"13\",\"15\",\"16\",\"17\",\"0\",\"19\",\"21\"]', '[\"88\",\"89\",\"92\",\"93\",\"90\",\"94\",\"96\",\"97\",\"98\",\"91\",\"95\",\"99\",\"84\",\"85\",\"86\"]', '[{\"items\":[\"39\",\"38\"],\"designs\":[]},{\"items\":[\"37\",\"36\"],\"designs\":[]},{\"items\":[\"35\",\"34\"],\"designs\":[]},{\"items\":[\"33\",\"29\"],\"designs\":[]},{\"items\":[\"25\",\"20\"],\"designs\":[]},{\"items\":[\"32\",\"31\"],\"designs\":[]},{\"items\":[\"30\",\"28\"],\"designs\":[]},{\"items\":[\"26\",\"24\"],\"designs\":[]},{\"items\":[],\"designs\":[]},{\"items\":[],\"designs\":[]}]', '{\"lf4Count\":40,\"havocCount\":10,\"herculesCount\":10,\"apis\":true,\"zeus\":true, \"pet\": false}', '[]', '{}', '{\"Config1Hitpoints\":316000,\"Config1Damage\":2910,\"Config1Shield\":144000,\"Config1Speed\":540,\"Config2Hitpoints\":316000,\"Config2Damage\":4890,\"Config2Shield\":150000,\"Config2Speed\":360}');

-- --------------------------------------------------------

--
-- Tablo için tablo yapısı `player_galaxygates`
--

CREATE TABLE `player_galaxygates` (
  `ID` int(11) NOT NULL,
  `UserID` int(11) NOT NULL,
  `Gate_ID` int(1) NOT NULL,
  `Gate_Current_Parts` text COLLATE utf8_bin NOT NULL,
  `Gate_Prepared` int(1) NOT NULL DEFAULT 0,
  `Gate_Live_Left` int(1) NOT NULL,
  `Gate_Statu` int(1) NOT NULL DEFAULT 0,
  `Gate_Current_Wave` int(3) NOT NULL DEFAULT 0,
  `Gate_Multipliers` int(1) NOT NULL DEFAULT 0
) ENGINE=InnoDB DEFAULT CHARSET=utf8 COLLATE=utf8_bin;

--
-- Tablo döküm verisi `player_galaxygates`
--

INSERT INTO `player_galaxygates` (`ID`, `UserID`, `Gate_ID`, `Gate_Current_Parts`, `Gate_Prepared`, `Gate_Live_Left`, `Gate_Statu`, `Gate_Current_Wave`, `Gate_Multipliers`) VALUES
(1, 1, 1, '0', 0, -1, 0, 0, 0),
(2, 1, 0, '0', 0, -1, 0, 0, 0),
(3, 1, 4, '0', 0, -1, 0, 0, 0),
(4, 1, 3, '0', 0, -1, 0, 0, 0),
(5, 1, 5, '0', 0, -1, 0, 0, 0);

-- --------------------------------------------------------

--
-- Tablo için tablo yapısı `player_galaxygates2`
--

CREATE TABLE `player_galaxygates2` (
  `id` int(11) NOT NULL,
  `userId` int(11) NOT NULL,
  `gateId` int(11) NOT NULL,
  `parts` longtext COLLATE utf8_bin NOT NULL DEFAULT '[]',
  `multiplier` int(11) NOT NULL DEFAULT 0,
  `lives` int(11) NOT NULL DEFAULT -1,
  `prepared` tinyint(4) NOT NULL DEFAULT 0
) ENGINE=InnoDB DEFAULT CHARSET=utf8 COLLATE=utf8_bin;

--
-- Tablo döküm verisi `player_galaxygates2`
--

INSERT INTO `player_galaxygates2` (`id`, `userId`, `gateId`, `parts`, `multiplier`, `lives`, `prepared`) VALUES
(1, 1, 1, '[25,34,3,2,20,18,14,17,8,9,10,12,5,1,23,29,30,7,16,21,22,19,33,24,11,28]', 0, 5, 1);

-- --------------------------------------------------------

--
-- Tablo için tablo yapısı `player_log`
--

CREATE TABLE `player_log` (
  `UserID` int(11) NOT NULL,
  `Data` varchar(255) COLLATE utf8_bin NOT NULL DEFAULT '[{"Radiaton":0,"Npc":0,"Destroyed":0,"Allied":0, "Quest":0, "Point":0}]',
  `Ships` varchar(4096) COLLATE utf8_bin NOT NULL DEFAULT '[{"1":0},{"2":0},{"3":0},{"4":0},{"5":0},{"6":0},{"7":0},{"8":0},{"9":0},{"10":0},{"11":0},{"12":0},{"13":0},{"14":0},{"15":0},{"16":0},{"17":0},{"18":0},{"19":0},{"20":0},{"21":0},{"22":0},{"23":0},{"24":0},{"25":0},{"26":0},{"27":0},{"28":0},{"29":0},{"30":0},{"31":0},{"32":0},{"33":0},{"34":0},{"35":0},{"36":0},{"37":0},{"38":0},{"39":0},{"40":0},{"41":0},{"42":0},{"43":0},{"44":0},{"45":0},{"46":0},{"47":0},{"48":0},{"49":0},{"50":0},{"51":0},{"52":0},{"53":0},{"54":0},{"55":0},{"56":0},{"57":0},{"58":0},{"59":0},{"60":0},{"61":0},{"62":0},{"63":0},{"64":0},{"65":0},{"66":0},{"67":0},{"68":0},{"69":0},{"70":0},{"71":0},{"72":0},{"73":0},{"74":0},{"75":0},{"76":0},{"77":0},{"78":0},{"79":0},{"80":0},{"81":0},{"82":0},{"83":0},{"84":0},{"85":0},{"86":0},{"87":0},{"88":0},{"89":0},{"90":0},{"91":0},{"92":0},{"93":0},{"94":0},{"95":0},{"96":0},{"97":0},{"98":0},{"99":0},{"100":0},{"101":0},{"102":0},{"103":0},{"104":0},{"105":0},{"106":0},{"107":0},{"108":0},{"109":0},{"110":0},{"111":0},{"112":0},{"113":0},{"114":0},{"115":0},{"116":0},{"117":0},{"118":0},{"119":0},{"120":0},{"121":0},{"122":0},{"123":0},{"124":0},{"125":0},{"126":0},{"127":0},{"128":0},{"129":0},{"130":0},{"131":0},{"132":0},{"133":0},{"134":0},{"135":0},{"136":0},{"137":0},{"138":0},{"139":0},{"140":0},{"141":0},{"142":0},{"143":0},{"144":0},{"145":0},{"146":0},{"147":0},{"148":0},{"149":0},{"150":0},{"151":0},{"152":0},{"153":0},{"154":0},{"155":0},{"156":0},{"157":0},{"158":0},{"159":0},{"160":0},{"161":0},{"162":0}]',
  `Balance` text COLLATE utf8_bin NOT NULL
) ENGINE=InnoDB DEFAULT CHARSET=utf8 COLLATE=utf8_bin;

--
-- Tablo döküm verisi `player_log`
--

INSERT INTO `player_log` (`UserID`, `Data`, `Ships`, `Balance`) VALUES
(1, '[{\"Radiaton\":0,\"Npc\":0,\"Destroyed\":0,\"Allied\":0, \"Quest\":0, \"Point\":0}]', '[{\"1\":0},{\"2\":0},{\"3\":0},{\"4\":0},{\"5\":0},{\"6\":0},{\"7\":0},{\"8\":0},{\"9\":0},{\"10\":0},{\"11\":0},{\"12\":0},{\"13\":0},{\"14\":0},{\"15\":0},{\"16\":0},{\"17\":0},{\"18\":0},{\"19\":0},{\"20\":0},{\"21\":0},{\"22\":0},{\"23\":0},{\"24\":0},{\"25\":0},{\"26\":0},{\"27\":0},{\"28\":0},{\"29\":0},{\"30\":0},{\"31\":0},{\"32\":0},{\"33\":0},{\"34\":0},{\"35\":0},{\"36\":0},{\"37\":0},{\"38\":0},{\"39\":0},{\"40\":0},{\"41\":0},{\"42\":0},{\"43\":0},{\"44\":0},{\"45\":0},{\"46\":0},{\"47\":0},{\"48\":0},{\"49\":0},{\"50\":0},{\"51\":0},{\"52\":0},{\"53\":0},{\"54\":0},{\"55\":0},{\"56\":0},{\"57\":0},{\"58\":0},{\"59\":0},{\"60\":0},{\"61\":0},{\"62\":0},{\"63\":0},{\"64\":0},{\"65\":0},{\"66\":0},{\"67\":0},{\"68\":0},{\"69\":0},{\"70\":0},{\"71\":0},{\"72\":0},{\"73\":0},{\"74\":0},{\"75\":0},{\"76\":0},{\"77\":0},{\"78\":0},{\"79\":0},{\"80\":0},{\"81\":0},{\"82\":0},{\"83\":0},{\"84\":0},{\"85\":0},{\"86\":0},{\"87\":0},{\"88\":0},{\"89\":0},{\"90\":0},{\"91\":0},{\"92\":0},{\"93\":0},{\"94\":0},{\"95\":0},{\"96\":0},{\"97\":0},{\"98\":0},{\"99\":0},{\"100\":0},{\"101\":0},{\"102\":0},{\"103\":0},{\"104\":0},{\"105\":0},{\"106\":0},{\"107\":0},{\"108\":0},{\"109\":0},{\"110\":0},{\"111\":0},{\"112\":0},{\"113\":0},{\"114\":0},{\"115\":0},{\"116\":0},{\"117\":0},{\"118\":0},{\"119\":0},{\"120\":0},{\"121\":0},{\"122\":0},{\"123\":0},{\"124\":0},{\"125\":0},{\"126\":0},{\"127\":0},{\"128\":0},{\"129\":0},{\"130\":0},{\"131\":0},{\"132\":0},{\"133\":0},{\"134\":0},{\"135\":0},{\"136\":0},{\"137\":0},{\"138\":0},{\"139\":0},{\"140\":0},{\"141\":0},{\"142\":0},{\"143\":0},{\"144\":0},{\"145\":0},{\"146\":0},{\"147\":0},{\"148\":0},{\"149\":0},{\"150\":0},{\"151\":0},{\"152\":0},{\"153\":0},{\"154\":0},{\"155\":0},{\"156\":0},{\"157\":0},{\"158\":0},{\"159\":0},{\"160\":0},{\"161\":0},{\"162\":0}]', ''),
(2, '[{\"Radiaton\":0,\"Npc\":0,\"Destroyed\":0,\"Allied\":0, \"Quest\":0, \"Point\":0}]', '[{\"1\":0},{\"2\":0},{\"3\":0},{\"4\":0},{\"5\":0},{\"6\":0},{\"7\":0},{\"8\":0},{\"9\":0},{\"10\":0},{\"11\":0},{\"12\":0},{\"13\":0},{\"14\":0},{\"15\":0},{\"16\":0},{\"17\":0},{\"18\":0},{\"19\":0},{\"20\":0},{\"21\":0},{\"22\":0},{\"23\":0},{\"24\":0},{\"25\":0},{\"26\":0},{\"27\":0},{\"28\":0},{\"29\":0},{\"30\":0},{\"31\":0},{\"32\":0},{\"33\":0},{\"34\":0},{\"35\":0},{\"36\":0},{\"37\":0},{\"38\":0},{\"39\":0},{\"40\":0},{\"41\":0},{\"42\":0},{\"43\":0},{\"44\":0},{\"45\":0},{\"46\":0},{\"47\":0},{\"48\":0},{\"49\":0},{\"50\":0},{\"51\":0},{\"52\":0},{\"53\":0},{\"54\":0},{\"55\":0},{\"56\":0},{\"57\":0},{\"58\":0},{\"59\":0},{\"60\":0},{\"61\":0},{\"62\":0},{\"63\":0},{\"64\":0},{\"65\":0},{\"66\":0},{\"67\":0},{\"68\":0},{\"69\":0},{\"70\":0},{\"71\":0},{\"72\":0},{\"73\":0},{\"74\":0},{\"75\":0},{\"76\":0},{\"77\":0},{\"78\":0},{\"79\":0},{\"80\":0},{\"81\":0},{\"82\":0},{\"83\":0},{\"84\":0},{\"85\":0},{\"86\":0},{\"87\":0},{\"88\":0},{\"89\":0},{\"90\":0},{\"91\":0},{\"92\":0},{\"93\":0},{\"94\":0},{\"95\":0},{\"96\":0},{\"97\":0},{\"98\":0},{\"99\":0},{\"100\":0},{\"101\":0},{\"102\":0},{\"103\":0},{\"104\":0},{\"105\":0},{\"106\":0},{\"107\":0},{\"108\":0},{\"109\":0},{\"110\":0},{\"111\":0},{\"112\":0},{\"113\":0},{\"114\":0},{\"115\":0},{\"116\":0},{\"117\":0},{\"118\":0},{\"119\":0},{\"120\":0},{\"121\":0},{\"122\":0},{\"123\":0},{\"124\":0},{\"125\":0},{\"126\":0},{\"127\":0},{\"128\":0},{\"129\":0},{\"130\":0},{\"131\":0},{\"132\":0},{\"133\":0},{\"134\":0},{\"135\":0},{\"136\":0},{\"137\":0},{\"138\":0},{\"139\":0},{\"140\":0},{\"141\":0},{\"142\":0},{\"143\":0},{\"144\":0},{\"145\":0},{\"146\":0},{\"147\":0},{\"148\":0},{\"149\":0},{\"150\":0},{\"151\":0},{\"152\":0},{\"153\":0},{\"154\":0},{\"155\":0},{\"156\":0},{\"157\":0},{\"158\":0},{\"159\":0},{\"160\":0},{\"161\":0},{\"162\":0}]', ''),
(3, '[{\"Radiaton\":0,\"Npc\":0,\"Destroyed\":0,\"Allied\":0, \"Quest\":0, \"Point\":0}]', '[{\"1\":0},{\"2\":0},{\"3\":0},{\"4\":0},{\"5\":0},{\"6\":0},{\"7\":0},{\"8\":0},{\"9\":0},{\"10\":0},{\"11\":0},{\"12\":0},{\"13\":0},{\"14\":0},{\"15\":0},{\"16\":0},{\"17\":0},{\"18\":0},{\"19\":0},{\"20\":0},{\"21\":0},{\"22\":0},{\"23\":0},{\"24\":0},{\"25\":0},{\"26\":0},{\"27\":0},{\"28\":0},{\"29\":0},{\"30\":0},{\"31\":0},{\"32\":0},{\"33\":0},{\"34\":0},{\"35\":0},{\"36\":0},{\"37\":0},{\"38\":0},{\"39\":0},{\"40\":0},{\"41\":0},{\"42\":0},{\"43\":0},{\"44\":0},{\"45\":0},{\"46\":0},{\"47\":0},{\"48\":0},{\"49\":0},{\"50\":0},{\"51\":0},{\"52\":0},{\"53\":0},{\"54\":0},{\"55\":0},{\"56\":0},{\"57\":0},{\"58\":0},{\"59\":0},{\"60\":0},{\"61\":0},{\"62\":0},{\"63\":0},{\"64\":0},{\"65\":0},{\"66\":0},{\"67\":0},{\"68\":0},{\"69\":0},{\"70\":0},{\"71\":0},{\"72\":0},{\"73\":0},{\"74\":0},{\"75\":0},{\"76\":0},{\"77\":0},{\"78\":0},{\"79\":0},{\"80\":0},{\"81\":0},{\"82\":0},{\"83\":0},{\"84\":0},{\"85\":0},{\"86\":0},{\"87\":0},{\"88\":0},{\"89\":0},{\"90\":0},{\"91\":0},{\"92\":0},{\"93\":0},{\"94\":0},{\"95\":0},{\"96\":0},{\"97\":0},{\"98\":0},{\"99\":0},{\"100\":0},{\"101\":0},{\"102\":0},{\"103\":0},{\"104\":0},{\"105\":0},{\"106\":0},{\"107\":0},{\"108\":0},{\"109\":0},{\"110\":0},{\"111\":0},{\"112\":0},{\"113\":0},{\"114\":0},{\"115\":0},{\"116\":0},{\"117\":0},{\"118\":0},{\"119\":0},{\"120\":0},{\"121\":0},{\"122\":0},{\"123\":0},{\"124\":0},{\"125\":0},{\"126\":0},{\"127\":0},{\"128\":0},{\"129\":0},{\"130\":0},{\"131\":0},{\"132\":0},{\"133\":0},{\"134\":0},{\"135\":0},{\"136\":0},{\"137\":0},{\"138\":0},{\"139\":0},{\"140\":0},{\"141\":0},{\"142\":0},{\"143\":0},{\"144\":0},{\"145\":0},{\"146\":0},{\"147\":0},{\"148\":0},{\"149\":0},{\"150\":0},{\"151\":0},{\"152\":0},{\"153\":0},{\"154\":0},{\"155\":0},{\"156\":0},{\"157\":0},{\"158\":0},{\"159\":0},{\"160\":0},{\"161\":0},{\"162\":0}]', ''),
(4, '[{\"Radiaton\":0,\"Npc\":0,\"Destroyed\":0,\"Allied\":0, \"Quest\":0, \"Point\":0}]', '[{\"1\":0},{\"2\":0},{\"3\":0},{\"4\":0},{\"5\":0},{\"6\":0},{\"7\":0},{\"8\":0},{\"9\":0},{\"10\":0},{\"11\":0},{\"12\":0},{\"13\":0},{\"14\":0},{\"15\":0},{\"16\":0},{\"17\":0},{\"18\":0},{\"19\":0},{\"20\":0},{\"21\":0},{\"22\":0},{\"23\":0},{\"24\":0},{\"25\":0},{\"26\":0},{\"27\":0},{\"28\":0},{\"29\":0},{\"30\":0},{\"31\":0},{\"32\":0},{\"33\":0},{\"34\":0},{\"35\":0},{\"36\":0},{\"37\":0},{\"38\":0},{\"39\":0},{\"40\":0},{\"41\":0},{\"42\":0},{\"43\":0},{\"44\":0},{\"45\":0},{\"46\":0},{\"47\":0},{\"48\":0},{\"49\":0},{\"50\":0},{\"51\":0},{\"52\":0},{\"53\":0},{\"54\":0},{\"55\":0},{\"56\":0},{\"57\":0},{\"58\":0},{\"59\":0},{\"60\":0},{\"61\":0},{\"62\":0},{\"63\":0},{\"64\":0},{\"65\":0},{\"66\":0},{\"67\":0},{\"68\":0},{\"69\":0},{\"70\":0},{\"71\":0},{\"72\":0},{\"73\":0},{\"74\":0},{\"75\":0},{\"76\":0},{\"77\":0},{\"78\":0},{\"79\":0},{\"80\":0},{\"81\":0},{\"82\":0},{\"83\":0},{\"84\":0},{\"85\":0},{\"86\":0},{\"87\":0},{\"88\":0},{\"89\":0},{\"90\":0},{\"91\":0},{\"92\":0},{\"93\":0},{\"94\":0},{\"95\":0},{\"96\":0},{\"97\":0},{\"98\":0},{\"99\":0},{\"100\":0},{\"101\":0},{\"102\":0},{\"103\":0},{\"104\":0},{\"105\":0},{\"106\":0},{\"107\":0},{\"108\":0},{\"109\":0},{\"110\":0},{\"111\":0},{\"112\":0},{\"113\":0},{\"114\":0},{\"115\":0},{\"116\":0},{\"117\":0},{\"118\":0},{\"119\":0},{\"120\":0},{\"121\":0},{\"122\":0},{\"123\":0},{\"124\":0},{\"125\":0},{\"126\":0},{\"127\":0},{\"128\":0},{\"129\":0},{\"130\":0},{\"131\":0},{\"132\":0},{\"133\":0},{\"134\":0},{\"135\":0},{\"136\":0},{\"137\":0},{\"138\":0},{\"139\":0},{\"140\":0},{\"141\":0},{\"142\":0},{\"143\":0},{\"144\":0},{\"145\":0},{\"146\":0},{\"147\":0},{\"148\":0},{\"149\":0},{\"150\":0},{\"151\":0},{\"152\":0},{\"153\":0},{\"154\":0},{\"155\":0},{\"156\":0},{\"157\":0},{\"158\":0},{\"159\":0},{\"160\":0},{\"161\":0},{\"162\":0}]', ''),
(5, '[{\"Radiaton\":0,\"Npc\":0,\"Destroyed\":0,\"Allied\":0, \"Quest\":0, \"Point\":0}]', '[{\"1\":0},{\"2\":0},{\"3\":0},{\"4\":0},{\"5\":0},{\"6\":0},{\"7\":0},{\"8\":0},{\"9\":0},{\"10\":0},{\"11\":0},{\"12\":0},{\"13\":0},{\"14\":0},{\"15\":0},{\"16\":0},{\"17\":0},{\"18\":0},{\"19\":0},{\"20\":0},{\"21\":0},{\"22\":0},{\"23\":0},{\"24\":0},{\"25\":0},{\"26\":0},{\"27\":0},{\"28\":0},{\"29\":0},{\"30\":0},{\"31\":0},{\"32\":0},{\"33\":0},{\"34\":0},{\"35\":0},{\"36\":0},{\"37\":0},{\"38\":0},{\"39\":0},{\"40\":0},{\"41\":0},{\"42\":0},{\"43\":0},{\"44\":0},{\"45\":0},{\"46\":0},{\"47\":0},{\"48\":0},{\"49\":0},{\"50\":0},{\"51\":0},{\"52\":0},{\"53\":0},{\"54\":0},{\"55\":0},{\"56\":0},{\"57\":0},{\"58\":0},{\"59\":0},{\"60\":0},{\"61\":0},{\"62\":0},{\"63\":0},{\"64\":0},{\"65\":0},{\"66\":0},{\"67\":0},{\"68\":0},{\"69\":0},{\"70\":0},{\"71\":0},{\"72\":0},{\"73\":0},{\"74\":0},{\"75\":0},{\"76\":0},{\"77\":0},{\"78\":0},{\"79\":0},{\"80\":0},{\"81\":0},{\"82\":0},{\"83\":0},{\"84\":0},{\"85\":0},{\"86\":0},{\"87\":0},{\"88\":0},{\"89\":0},{\"90\":0},{\"91\":0},{\"92\":0},{\"93\":0},{\"94\":0},{\"95\":0},{\"96\":0},{\"97\":0},{\"98\":0},{\"99\":0},{\"100\":0},{\"101\":0},{\"102\":0},{\"103\":0},{\"104\":0},{\"105\":0},{\"106\":0},{\"107\":0},{\"108\":0},{\"109\":0},{\"110\":0},{\"111\":0},{\"112\":0},{\"113\":0},{\"114\":0},{\"115\":0},{\"116\":0},{\"117\":0},{\"118\":0},{\"119\":0},{\"120\":0},{\"121\":0},{\"122\":0},{\"123\":0},{\"124\":0},{\"125\":0},{\"126\":0},{\"127\":0},{\"128\":0},{\"129\":0},{\"130\":0},{\"131\":0},{\"132\":0},{\"133\":0},{\"134\":0},{\"135\":0},{\"136\":0},{\"137\":0},{\"138\":0},{\"139\":0},{\"140\":0},{\"141\":0},{\"142\":0},{\"143\":0},{\"144\":0},{\"145\":0},{\"146\":0},{\"147\":0},{\"148\":0},{\"149\":0},{\"150\":0},{\"151\":0},{\"152\":0},{\"153\":0},{\"154\":0},{\"155\":0},{\"156\":0},{\"157\":0},{\"158\":0},{\"159\":0},{\"160\":0},{\"161\":0},{\"162\":0}]', ''),
(6, '[{\"Radiaton\":0,\"Npc\":0,\"Destroyed\":0,\"Allied\":0, \"Quest\":0, \"Point\":0}]', '[{\"1\":0},{\"2\":0},{\"3\":0},{\"4\":0},{\"5\":0},{\"6\":0},{\"7\":0},{\"8\":0},{\"9\":0},{\"10\":0},{\"11\":0},{\"12\":0},{\"13\":0},{\"14\":0},{\"15\":0},{\"16\":0},{\"17\":0},{\"18\":0},{\"19\":0},{\"20\":0},{\"21\":0},{\"22\":0},{\"23\":0},{\"24\":0},{\"25\":0},{\"26\":0},{\"27\":0},{\"28\":0},{\"29\":0},{\"30\":0},{\"31\":0},{\"32\":0},{\"33\":0},{\"34\":0},{\"35\":0},{\"36\":0},{\"37\":0},{\"38\":0},{\"39\":0},{\"40\":0},{\"41\":0},{\"42\":0},{\"43\":0},{\"44\":0},{\"45\":0},{\"46\":0},{\"47\":0},{\"48\":0},{\"49\":0},{\"50\":0},{\"51\":0},{\"52\":0},{\"53\":0},{\"54\":0},{\"55\":0},{\"56\":0},{\"57\":0},{\"58\":0},{\"59\":0},{\"60\":0},{\"61\":0},{\"62\":0},{\"63\":0},{\"64\":0},{\"65\":0},{\"66\":0},{\"67\":0},{\"68\":0},{\"69\":0},{\"70\":0},{\"71\":0},{\"72\":0},{\"73\":0},{\"74\":0},{\"75\":0},{\"76\":0},{\"77\":0},{\"78\":0},{\"79\":0},{\"80\":0},{\"81\":0},{\"82\":0},{\"83\":0},{\"84\":0},{\"85\":0},{\"86\":0},{\"87\":0},{\"88\":0},{\"89\":0},{\"90\":0},{\"91\":0},{\"92\":0},{\"93\":0},{\"94\":0},{\"95\":0},{\"96\":0},{\"97\":0},{\"98\":0},{\"99\":0},{\"100\":0},{\"101\":0},{\"102\":0},{\"103\":0},{\"104\":0},{\"105\":0},{\"106\":0},{\"107\":0},{\"108\":0},{\"109\":0},{\"110\":0},{\"111\":0},{\"112\":0},{\"113\":0},{\"114\":0},{\"115\":0},{\"116\":0},{\"117\":0},{\"118\":0},{\"119\":0},{\"120\":0},{\"121\":0},{\"122\":0},{\"123\":0},{\"124\":0},{\"125\":0},{\"126\":0},{\"127\":0},{\"128\":0},{\"129\":0},{\"130\":0},{\"131\":0},{\"132\":0},{\"133\":0},{\"134\":0},{\"135\":0},{\"136\":0},{\"137\":0},{\"138\":0},{\"139\":0},{\"140\":0},{\"141\":0},{\"142\":0},{\"143\":0},{\"144\":0},{\"145\":0},{\"146\":0},{\"147\":0},{\"148\":0},{\"149\":0},{\"150\":0},{\"151\":0},{\"152\":0},{\"153\":0},{\"154\":0},{\"155\":0},{\"156\":0},{\"157\":0},{\"158\":0},{\"159\":0},{\"160\":0},{\"161\":0},{\"162\":0}]', ''),
(7, '[{\"Radiaton\":0,\"Npc\":0,\"Destroyed\":0,\"Allied\":0, \"Quest\":0, \"Point\":0}]', '[{\"1\":0},{\"2\":0},{\"3\":0},{\"4\":0},{\"5\":0},{\"6\":0},{\"7\":0},{\"8\":0},{\"9\":0},{\"10\":0},{\"11\":0},{\"12\":0},{\"13\":0},{\"14\":0},{\"15\":0},{\"16\":0},{\"17\":0},{\"18\":0},{\"19\":0},{\"20\":0},{\"21\":0},{\"22\":0},{\"23\":0},{\"24\":0},{\"25\":0},{\"26\":0},{\"27\":0},{\"28\":0},{\"29\":0},{\"30\":0},{\"31\":0},{\"32\":0},{\"33\":0},{\"34\":0},{\"35\":0},{\"36\":0},{\"37\":0},{\"38\":0},{\"39\":0},{\"40\":0},{\"41\":0},{\"42\":0},{\"43\":0},{\"44\":0},{\"45\":0},{\"46\":0},{\"47\":0},{\"48\":0},{\"49\":0},{\"50\":0},{\"51\":0},{\"52\":0},{\"53\":0},{\"54\":0},{\"55\":0},{\"56\":0},{\"57\":0},{\"58\":0},{\"59\":0},{\"60\":0},{\"61\":0},{\"62\":0},{\"63\":0},{\"64\":0},{\"65\":0},{\"66\":0},{\"67\":0},{\"68\":0},{\"69\":0},{\"70\":0},{\"71\":0},{\"72\":0},{\"73\":0},{\"74\":0},{\"75\":0},{\"76\":0},{\"77\":0},{\"78\":0},{\"79\":0},{\"80\":0},{\"81\":0},{\"82\":0},{\"83\":0},{\"84\":0},{\"85\":0},{\"86\":0},{\"87\":0},{\"88\":0},{\"89\":0},{\"90\":0},{\"91\":0},{\"92\":0},{\"93\":0},{\"94\":0},{\"95\":0},{\"96\":0},{\"97\":0},{\"98\":0},{\"99\":0},{\"100\":0},{\"101\":0},{\"102\":0},{\"103\":0},{\"104\":0},{\"105\":0},{\"106\":0},{\"107\":0},{\"108\":0},{\"109\":0},{\"110\":0},{\"111\":0},{\"112\":0},{\"113\":0},{\"114\":0},{\"115\":0},{\"116\":0},{\"117\":0},{\"118\":0},{\"119\":0},{\"120\":0},{\"121\":0},{\"122\":0},{\"123\":0},{\"124\":0},{\"125\":0},{\"126\":0},{\"127\":0},{\"128\":0},{\"129\":0},{\"130\":0},{\"131\":0},{\"132\":0},{\"133\":0},{\"134\":0},{\"135\":0},{\"136\":0},{\"137\":0},{\"138\":0},{\"139\":0},{\"140\":0},{\"141\":0},{\"142\":0},{\"143\":0},{\"144\":0},{\"145\":0},{\"146\":0},{\"147\":0},{\"148\":0},{\"149\":0},{\"150\":0},{\"151\":0},{\"152\":0},{\"153\":0},{\"154\":0},{\"155\":0},{\"156\":0},{\"157\":0},{\"158\":0},{\"159\":0},{\"160\":0},{\"161\":0},{\"162\":0}]', '');

-- --------------------------------------------------------

--
-- Tablo için tablo yapısı `player_reference`
--

CREATE TABLE `player_reference` (
  `referenceID` int(11) NOT NULL,
  `userID` int(11) NOT NULL,
  `referenceKey` varchar(16) COLLATE utf8_bin NOT NULL,
  `totalUse` int(11) NOT NULL DEFAULT 0,
  `totalSuccess` int(11) NOT NULL DEFAULT 0,
  `totalWarn` int(2) NOT NULL DEFAULT 0,
  `totalClaim` varchar(255) COLLATE utf8_bin NOT NULL,
  `Users` text COLLATE utf8_bin NOT NULL
) ENGINE=InnoDB DEFAULT CHARSET=utf8 COLLATE=utf8_bin;

-- --------------------------------------------------------

--
-- Tablo için tablo yapısı `player_settings`
--

CREATE TABLE `player_settings` (
  `userId` int(11) NOT NULL,
  `audio` text COLLATE utf8_bin NOT NULL,
  `quality` text COLLATE utf8_bin NOT NULL,
  `classY2T` text COLLATE utf8_bin NOT NULL,
  `display` text COLLATE utf8_bin NOT NULL,
  `gameplay` text COLLATE utf8_bin NOT NULL,
  `window` text COLLATE utf8_bin NOT NULL,
  `boundKeys` text COLLATE utf8_bin NOT NULL,
  `inGameSettings` text COLLATE utf8_bin NOT NULL,
  `cooldowns` text COLLATE utf8_bin NOT NULL,
  `slotbarItems` text COLLATE utf8_bin NOT NULL,
  `premiumSlotbarItems` text COLLATE utf8_bin NOT NULL,
  `proActionBarItems` text COLLATE utf8_bin NOT NULL
) ENGINE=InnoDB DEFAULT CHARSET=utf8 COLLATE=utf8_bin;

--
-- Tablo döküm verisi `player_settings`
--

INSERT INTO `player_settings` (`userId`, `audio`, `quality`, `classY2T`, `display`, `gameplay`, `window`, `boundKeys`, `inGameSettings`, `cooldowns`, `slotbarItems`, `premiumSlotbarItems`, `proActionBarItems`) VALUES
(1, '{\"notSet\":false,\"playCombatMusic\":false,\"music\":1,\"sound\":1,\"voice\":1}', '{\"notSet\":false,\"qualityAttack\":0,\"qualityBackground\":2,\"qualityPresetting\":2,\"qualityCustomized\":true,\"qualityPoizone\":2,\"qualityShip\":3,\"qualityEngine\":0,\"qualityExplosion\":3,\"qualityCollectable\":0,\"qualityEffect\":0}', '{\"questsAvailableFilter\":false,\"questsUnavailableFilter\":false,\"questsCompletedFilter\":false,\"var_1151\":false,\"var_2239\":false,\"questsLevelOrderDescending\":false}', '{\"notSet\":false,\"displayPlayerNames\":true,\"displayResources\":true,\"showPremiumQuickslotBar\":true,\"allowAutoQuality\":true,\"preloadUserShips\":true,\"displayHitpointBubbles\":true,\"showNotOwnedItems\":true,\"displayChat\":true,\"displayWindowsBackground\":true,\"displayNotFreeCargoBoxes\":true,\"dragWindowsAlways\":true,\"displayNotifications\":true,\"hoverShips\":true,\"displayDrones\":false,\"displayBonusBoxes\":true,\"displayFreeCargoBoxes\":true,\"var12P\":false,\"varb3N\":false,\"displaySetting3DqualityAntialias\":3,\"varp3M\":3,\"displaySetting3DqualityEffects\":3,\"displaySetting3DqualityLights\":3,\"displaySetting3DqualityTextures\":3,\"var03r\":3,\"displaySetting3DsizeTextures\":3,\"displaySetting3DtextureFiltering\":-1,\"proActionBarEnabled\":true,\"proActionBarKeyboardInputEnabled\":true,\"proActionBarAutohideEnabled\":true,\"proActionBarOpened\":false}', '{\"notSet\":false,\"autoRefinement\":false,\"quickSlotStopAttack\":true,\"autoBoost\":false,\"autoBuyBootyKeys\":false,\"doubleclickAttackEnabled\":true,\"autochangeAmmo\":true,\"autoStartEnabled\":true,\"varE3N\":true}', '{\"hideAllWindows\":false,\"scale\":7,\"barState\":\"24,1|23,1|100,1|25,1|35,0|34,0|39,0|\",\"gameFeatureBarPosition\":\"0.13468013468013468,0\",\"gameFeatureBarLayoutType\":\"0\",\"genericFeatureBarPosition\":\"97.33560090702947,0\",\"genericFeatureBarLayoutType\":\"0\",\"categoryBarPosition\":\"50,85\",\"standartSlotBarPosition\":\"50,85|0,40\",\"standartSlotBarLayoutType\":\"0\",\"premiumSlotBarPosition\":\"50,85|0,80\",\"premiumSlotBarLayoutType\":\"0\",\"proActionBarPosition\":\"50,85|0,120\",\"proActionBarLayoutType\":\"0\",\"windows\":{\"user\":{\"x\":29,\"y\":29,\"width\":212,\"height\":88,\"maximixed\":false},\"ship\":{\"x\":0,\"y\":4,\"width\":212,\"height\":88,\"maximixed\":true},\"ship_warp\":{\"x\":50,\"y\":50,\"width\":300,\"height\":210,\"maximixed\":false},\"chat\":{\"x\":0,\"y\":93,\"width\":366,\"height\":246,\"maximixed\":true},\"group\":{\"x\":10,\"y\":43,\"width\":196,\"height\":200,\"maximixed\":true},\"minimap\":{\"x\":96,\"y\":79,\"width\":325,\"height\":232,\"maximixed\":true},\"spacemap\":{\"x\":10,\"y\":10,\"width\":650,\"height\":475,\"maximixed\":false},\"log\":{\"x\":6,\"y\":41,\"width\":296,\"height\":290,\"maximixed\":false},\"pet\":{\"x\":1,\"y\":6,\"width\":260,\"height\":130,\"maximixed\":false},\"spaceball\":{\"x\":10,\"y\":10,\"width\":170,\"height\":70,\"maximixed\":false},\"booster\":{\"x\":6,\"y\":23,\"width\":110,\"height\":150,\"maximixed\":true},\"traininggrounds\":{\"x\":10,\"y\":10,\"width\":320,\"height\":320,\"maximixed\":false},\"settings\":{\"x\":80,\"y\":23,\"width\":400,\"height\":470,\"maximixed\":false},\"help\":{\"x\":10,\"y\":10,\"width\":219,\"height\":121,\"maximixed\":false},\"logout\":{\"x\":26,\"y\":44,\"width\":200,\"height\":200,\"maximixed\":false}}}', '[{\"actionType\":7,\"charCode\":0,\"parameter\":0,\"keyCodes\":[49]},{\"actionType\":7,\"charCode\":0,\"parameter\":1,\"keyCodes\":[50]},{\"actionType\":7,\"charCode\":0,\"parameter\":2,\"keyCodes\":[51]},{\"actionType\":7,\"charCode\":0,\"parameter\":3,\"keyCodes\":[52]},{\"actionType\":7,\"charCode\":0,\"parameter\":4,\"keyCodes\":[53]},{\"actionType\":7,\"charCode\":0,\"parameter\":5,\"keyCodes\":[54]},{\"actionType\":7,\"charCode\":0,\"parameter\":6,\"keyCodes\":[55]},{\"actionType\":7,\"charCode\":0,\"parameter\":7,\"keyCodes\":[56]},{\"actionType\":7,\"charCode\":0,\"parameter\":8,\"keyCodes\":[57]},{\"actionType\":7,\"charCode\":0,\"parameter\":9,\"keyCodes\":[48]},{\"actionType\":8,\"charCode\":0,\"parameter\":0,\"keyCodes\":[112]},{\"actionType\":8,\"charCode\":0,\"parameter\":1,\"keyCodes\":[113]},{\"actionType\":8,\"charCode\":0,\"parameter\":2,\"keyCodes\":[114]},{\"actionType\":8,\"charCode\":0,\"parameter\":3,\"keyCodes\":[115]},{\"actionType\":8,\"charCode\":0,\"parameter\":4,\"keyCodes\":[116]},{\"actionType\":8,\"charCode\":0,\"parameter\":5,\"keyCodes\":[117]},{\"actionType\":8,\"charCode\":0,\"parameter\":6,\"keyCodes\":[118]},{\"actionType\":8,\"charCode\":0,\"parameter\":7,\"keyCodes\":[119]},{\"actionType\":8,\"charCode\":0,\"parameter\":8,\"keyCodes\":[120]},{\"actionType\":0,\"charCode\":0,\"parameter\":0,\"keyCodes\":[74]},{\"actionType\":1,\"charCode\":0,\"parameter\":0,\"keyCodes\":[67]},{\"actionType\":2,\"charCode\":0,\"parameter\":0,\"keyCodes\":[17]},{\"actionType\":3,\"charCode\":0,\"parameter\":0,\"keyCodes\":[32]},{\"actionType\":4,\"charCode\":0,\"parameter\":0,\"keyCodes\":[69]},{\"actionType\":5,\"charCode\":0,\"parameter\":0,\"keyCodes\":[82]},{\"actionType\":13,\"charCode\":0,\"parameter\":0,\"keyCodes\":[68]},{\"actionType\":6,\"charCode\":0,\"parameter\":0,\"keyCodes\":[76]},{\"actionType\":9,\"charCode\":0,\"parameter\":0,\"keyCodes\":[72]},{\"actionType\":10,\"charCode\":0,\"parameter\":0,\"keyCodes\":[70]},{\"actionType\":11,\"charCode\":0,\"parameter\":0,\"keyCodes\":[107]},{\"actionType\":12,\"charCode\":0,\"parameter\":0,\"keyCodes\":[109]},{\"actionType\":14,\"charCode\":0,\"parameter\":0,\"keyCodes\":[13]},{\"actionType\":15,\"charCode\":0,\"parameter\":0,\"keyCodes\":[9]},{\"actionType\":8,\"charCode\":0,\"parameter\":9,\"keyCodes\":[121]},{\"actionType\":16,\"charCode\":0,\"parameter\":0,\"keyCodes\":[16]}]', '{\"blockedGroupInvites\":false,\"selectedLaser\":\"ammunition_laser_ucb-100\",\"selectedRocket\":\"ammunition_specialammo_r-ic3\",\"selectedRocketLauncher\":\"ammunition_rocketlauncher_hstrm-01\",\"selectedFormation\":\"drone_formation_f-3d-dr\",\"currentConfig\":2,\"selectedCpus\":[\"equipment_extra_cpu_arol-x\",\"equipment_extra_cpu_rllb-x\"]}', '{\"ammunition_mine_smb-01\":0,\"equipment_extra_cpu_ish-01\":0,\"ammunition_specialammo_emp-01\":0,\"ammunition_mine_acm-01\":0,\"ammunition_specialammo_dcr-250\":0,\"ammunition_specialammo_pld-8\":0,\"ammunition_specialammo_r-ic3\":0,\"tech_energy-leech\":0,\"tech_chain-impulse\":0,\"tech_precision-targeter\":0,\"tech_backup-shields\":0,\"tech_battle-repair-bot\":0,\"ability_solace\":0,\"ability_sentinel\":0,\"ability_spectrum\":889,\"ability_diminisher\":0,\"ability_venom\":0,\"ability_lightning\":0}', '{\"1\":\"ammunition_laser_ucb-100\",\"3\":\"ammunition_laser_sab-50\",\"2\":\"ammunition_laser_rsb-75\",\"4\":\"ammunition_mine_smb-01\",\"5\":\"equipment_extra_cpu_ish-01\",\"6\":\"ammunition_mine_ddm-01\",\"7\":\"ammunition_specialammo_r-ic3\",\"8\":\"ammunition_rocket_plt-3030\",\"9\":\"ammunition_specialammo_dcr-250\",\"10\":\"ammunition_mine_slm-01\"}', '{\"1\":\"drone_formation_f-09-mo\",\"2\":\"drone_formation_f-3d-rg\",\"3\":\"drone_formation_f-3d-dr\",\"4\":\"drone_formation_f-07-di\",\"5\":\"ability_aegis_hp-repair\",\"6\":\"tech_battle-repair-bot\",\"7\":\"tech_energy-leech\",\"8\":\"tech_precision-targeter\",\"9\":\"drone_formation_f-11-he\",\"10\":\"drone_formation_f-3d-wl\"}', '{}'),
(2, '{\"notSet\":false,\"playCombatMusic\":false,\"music\":1,\"sound\":1,\"voice\":1}', '{\"notSet\":false,\"qualityAttack\":0,\"qualityBackground\":3,\"qualityPresetting\":3,\"qualityCustomized\":true,\"qualityPoizone\":3,\"qualityShip\":3,\"qualityEngine\":3,\"qualityExplosion\":3,\"qualityCollectable\":3,\"qualityEffect\":0}', '{\"questsAvailableFilter\":false,\"questsUnavailableFilter\":false,\"questsCompletedFilter\":false,\"var_1151\":false,\"var_2239\":false,\"questsLevelOrderDescending\":false}', '{\"notSet\":false,\"displayPlayerNames\":true,\"displayResources\":true,\"showPremiumQuickslotBar\":true,\"allowAutoQuality\":true,\"preloadUserShips\":true,\"displayHitpointBubbles\":true,\"showNotOwnedItems\":true,\"displayChat\":true,\"displayWindowsBackground\":true,\"displayNotFreeCargoBoxes\":true,\"dragWindowsAlways\":true,\"displayNotifications\":true,\"hoverShips\":true,\"displayDrones\":false,\"displayBonusBoxes\":true,\"displayFreeCargoBoxes\":true,\"var12P\":true,\"varb3N\":true,\"displaySetting3DqualityAntialias\":4,\"varp3M\":4,\"displaySetting3DqualityEffects\":4,\"displaySetting3DqualityLights\":3,\"displaySetting3DqualityTextures\":3,\"var03r\":4,\"displaySetting3DsizeTextures\":3,\"displaySetting3DtextureFiltering\":-1,\"proActionBarEnabled\":true,\"proActionBarKeyboardInputEnabled\":true,\"proActionBarAutohideEnabled\":true,\"proActionBarOpened\":false}', '{\"notSet\":false,\"autoRefinement\":false,\"quickSlotStopAttack\":true,\"autoBoost\":false,\"autoBuyBootyKeys\":false,\"doubleclickAttackEnabled\":true,\"autochangeAmmo\":true,\"autoStartEnabled\":true,\"varE3N\":true}', '{\"hideAllWindows\":false,\"scale\":9,\"barState\":\"24,1|23,1|100,1|25,1|35,0|34,0|39,0|\",\"gameFeatureBarPosition\":\"0.13468013468013468,0\",\"gameFeatureBarLayoutType\":\"0\",\"genericFeatureBarPosition\":\"97.1655328798186,0\",\"genericFeatureBarLayoutType\":\"0\",\"categoryBarPosition\":\"50,85\",\"standartSlotBarPosition\":\"50,85|0,40\",\"standartSlotBarLayoutType\":\"0\",\"premiumSlotBarPosition\":\"50,85|0,80\",\"premiumSlotBarLayoutType\":\"0\",\"proActionBarPosition\":\"0,NaN|0,0\",\"proActionBarLayoutType\":\"0\",\"windows\":{\"user\":{\"x\":35,\"y\":2,\"width\":212,\"height\":88,\"maximixed\":true},\"ship\":{\"x\":27,\"y\":54,\"width\":212,\"height\":88,\"maximixed\":true},\"ship_warp\":{\"x\":50,\"y\":50,\"width\":300,\"height\":210,\"maximixed\":false},\"chat\":{\"x\":0,\"y\":91,\"width\":416,\"height\":204,\"maximixed\":true},\"group\":{\"x\":0,\"y\":61,\"width\":196,\"height\":200,\"maximixed\":true},\"minimap\":{\"x\":95,\"y\":10,\"width\":258,\"height\":191,\"maximixed\":true},\"spacemap\":{\"x\":10,\"y\":10,\"width\":650,\"height\":475,\"maximixed\":false},\"log\":{\"x\":6,\"y\":22,\"width\":446,\"height\":495,\"maximixed\":false},\"pet\":{\"x\":66,\"y\":5,\"width\":260,\"height\":130,\"maximixed\":true},\"spaceball\":{\"x\":10,\"y\":10,\"width\":170,\"height\":70,\"maximixed\":false},\"booster\":{\"x\":24,\"y\":24,\"width\":110,\"height\":150,\"maximixed\":true},\"traininggrounds\":{\"x\":10,\"y\":10,\"width\":320,\"height\":320,\"maximixed\":false},\"settings\":{\"x\":50,\"y\":40,\"width\":400,\"height\":470,\"maximixed\":false},\"help\":{\"x\":10,\"y\":10,\"width\":219,\"height\":121,\"maximixed\":false},\"logout\":{\"x\":41,\"y\":20,\"width\":200,\"height\":200,\"maximixed\":false}}}', '[{\"actionType\":7,\"charCode\":0,\"parameter\":0,\"keyCodes\":[49]},{\"actionType\":7,\"charCode\":0,\"parameter\":1,\"keyCodes\":[50]},{\"actionType\":7,\"charCode\":0,\"parameter\":2,\"keyCodes\":[51]},{\"actionType\":7,\"charCode\":0,\"parameter\":3,\"keyCodes\":[52]},{\"actionType\":7,\"charCode\":0,\"parameter\":4,\"keyCodes\":[53]},{\"actionType\":7,\"charCode\":0,\"parameter\":5,\"keyCodes\":[54]},{\"actionType\":7,\"charCode\":0,\"parameter\":6,\"keyCodes\":[55]},{\"actionType\":7,\"charCode\":0,\"parameter\":7,\"keyCodes\":[56]},{\"actionType\":7,\"charCode\":0,\"parameter\":8,\"keyCodes\":[57]},{\"actionType\":7,\"charCode\":0,\"parameter\":9,\"keyCodes\":[48]},{\"actionType\":8,\"charCode\":0,\"parameter\":0,\"keyCodes\":[112]},{\"actionType\":8,\"charCode\":0,\"parameter\":1,\"keyCodes\":[113]},{\"actionType\":8,\"charCode\":0,\"parameter\":2,\"keyCodes\":[114]},{\"actionType\":8,\"charCode\":0,\"parameter\":3,\"keyCodes\":[115]},{\"actionType\":8,\"charCode\":0,\"parameter\":4,\"keyCodes\":[116]},{\"actionType\":8,\"charCode\":0,\"parameter\":5,\"keyCodes\":[117]},{\"actionType\":8,\"charCode\":0,\"parameter\":6,\"keyCodes\":[118]},{\"actionType\":8,\"charCode\":0,\"parameter\":7,\"keyCodes\":[119]},{\"actionType\":8,\"charCode\":0,\"parameter\":8,\"keyCodes\":[120]},{\"actionType\":0,\"charCode\":0,\"parameter\":0,\"keyCodes\":[74]},{\"actionType\":1,\"charCode\":0,\"parameter\":0,\"keyCodes\":[67]},{\"actionType\":2,\"charCode\":0,\"parameter\":0,\"keyCodes\":[17]},{\"actionType\":3,\"charCode\":0,\"parameter\":0,\"keyCodes\":[32]},{\"actionType\":4,\"charCode\":0,\"parameter\":0,\"keyCodes\":[69]},{\"actionType\":5,\"charCode\":0,\"parameter\":0,\"keyCodes\":[82]},{\"actionType\":13,\"charCode\":0,\"parameter\":0,\"keyCodes\":[68]},{\"actionType\":6,\"charCode\":0,\"parameter\":0,\"keyCodes\":[76]},{\"actionType\":9,\"charCode\":0,\"parameter\":0,\"keyCodes\":[72]},{\"actionType\":10,\"charCode\":0,\"parameter\":0,\"keyCodes\":[70]},{\"actionType\":11,\"charCode\":0,\"parameter\":0,\"keyCodes\":[107]},{\"actionType\":12,\"charCode\":0,\"parameter\":0,\"keyCodes\":[109]},{\"actionType\":14,\"charCode\":0,\"parameter\":0,\"keyCodes\":[13]},{\"actionType\":15,\"charCode\":0,\"parameter\":0,\"keyCodes\":[9]},{\"actionType\":8,\"charCode\":0,\"parameter\":9,\"keyCodes\":[121]},{\"actionType\":16,\"charCode\":0,\"parameter\":0,\"keyCodes\":[16]}]', '{\"blockedGroupInvites\":false,\"selectedLaser\":\"ammunition_laser_ucb-100\",\"selectedRocket\":\"ammunition_rocket_r-310\",\"selectedRocketLauncher\":\"ammunition_rocketlauncher_hstrm-01\",\"selectedFormation\":\"drone_formation_f-09-mo\",\"currentConfig\":1,\"selectedCpus\":[\"equipment_extra_cpu_arol-x\",\"equipment_extra_cpu_rllb-x\"]}', '{\"ammunition_mine_smb-01\":0,\"equipment_extra_cpu_ish-01\":2398,\"ammunition_specialammo_emp-01\":3266,\"ammunition_mine_acm-01\":0,\"ammunition_specialammo_dcr-250\":0,\"ammunition_specialammo_pld-8\":0,\"ammunition_specialammo_r-ic3\":0,\"tech_energy-leech\":0,\"tech_chain-impulse\":0,\"tech_precision-targeter\":0,\"tech_backup-shields\":0,\"tech_battle-repair-bot\":0,\"ability_solace\":767325,\"ability_sentinel\":0,\"ability_spectrum\":0,\"ability_diminisher\":0,\"ability_venom\":0,\"ability_lightning\":0}', '{\"1\":\"ammunition_laser_ucb-100\",\"2\":\"ammunition_specialammo_emp-01\",\"3\":\"ammunition_laser_rsb-75\",\"4\":\"ammunition_mine_smb-01\",\"5\":\"equipment_extra_cpu_ish-01\",\"6\":\"ammunition_laser_sab-50\",\"8\":\"tech_backup-shields\",\"10\":\"tech_energy-leech\",\"9\":\"tech_battle-repair-bot\",\"7\":\"ability_solace\"}', '{\"1\":\"drone_formation_f-03-la\",\"2\":\"drone_formation_f-05-pi\",\"3\":\"drone_formation_f-07-di\",\"4\":\"drone_formation_f-08-ch\",\"5\":\"drone_formation_f-09-mo\",\"6\":\"drone_formation_f-10-cr\",\"7\":\"drone_formation_f-11-he\",\"8\":\"drone_formation_f-3d-dr\",\"9\":\"drone_formation_f-3d-rg\",\"10\":\"drone_formation_f-3d-wl\"}', '{}'),
(3, '{\"notSet\":false,\"playCombatMusic\":false,\"music\":1,\"sound\":1,\"voice\":2}', '{\"notSet\":false,\"qualityAttack\":0,\"qualityBackground\":0,\"qualityPresetting\":0,\"qualityCustomized\":true,\"qualityPoizone\":0,\"qualityShip\":0,\"qualityEngine\":0,\"qualityExplosion\":0,\"qualityCollectable\":0,\"qualityEffect\":0}', '{\"questsAvailableFilter\":false,\"questsUnavailableFilter\":false,\"questsCompletedFilter\":false,\"var_1151\":false,\"var_2239\":false,\"questsLevelOrderDescending\":false}', '{\"notSet\":false,\"displayPlayerNames\":true,\"displayResources\":true,\"showPremiumQuickslotBar\":true,\"allowAutoQuality\":true,\"preloadUserShips\":true,\"displayHitpointBubbles\":true,\"showNotOwnedItems\":true,\"displayChat\":true,\"displayWindowsBackground\":true,\"displayNotFreeCargoBoxes\":true,\"dragWindowsAlways\":true,\"displayNotifications\":true,\"hoverShips\":true,\"displayDrones\":false,\"displayBonusBoxes\":true,\"displayFreeCargoBoxes\":true,\"var12P\":false,\"varb3N\":false,\"displaySetting3DqualityAntialias\":1,\"varp3M\":1,\"displaySetting3DqualityEffects\":1,\"displaySetting3DqualityLights\":1,\"displaySetting3DqualityTextures\":1,\"var03r\":1,\"displaySetting3DsizeTextures\":1,\"displaySetting3DtextureFiltering\":1,\"proActionBarEnabled\":true,\"proActionBarKeyboardInputEnabled\":true,\"proActionBarAutohideEnabled\":true,\"proActionBarOpened\":false}', '{\"notSet\":false,\"autoRefinement\":false,\"quickSlotStopAttack\":true,\"autoBoost\":false,\"autoBuyBootyKeys\":false,\"doubleclickAttackEnabled\":true,\"autochangeAmmo\":true,\"autoStartEnabled\":true,\"varE3N\":true}', '{\"hideAllWindows\":false,\"scale\":8,\"barState\":\"24,1|23,1|100,1|25,1|35,0|34,0|39,0|\",\"gameFeatureBarPosition\":\"0.15625,0\",\"gameFeatureBarLayoutType\":\"0\",\"genericFeatureBarPosition\":\"98.25436408977556,0\",\"genericFeatureBarLayoutType\":\"0\",\"categoryBarPosition\":\"50,85\",\"standartSlotBarPosition\":\"50,85|0,40\",\"standartSlotBarLayoutType\":\"0\",\"premiumSlotBarPosition\":\"50,85|0,80\",\"premiumSlotBarLayoutType\":\"0\",\"proActionBarPosition\":\"\",\"proActionBarLayoutType\":\"\",\"windows\":{\"user\":{\"x\":30,\"y\":30,\"width\":212,\"height\":88,\"maximixed\":false},\"ship\":{\"x\":4,\"y\":40,\"width\":212,\"height\":88,\"maximixed\":false},\"ship_warp\":{\"x\":50,\"y\":50,\"width\":300,\"height\":210,\"maximixed\":false},\"chat\":{\"x\":1,\"y\":35,\"width\":300,\"height\":150,\"maximixed\":true},\"group\":{\"x\":50,\"y\":49,\"width\":196,\"height\":200,\"maximixed\":false},\"minimap\":{\"x\":2,\"y\":6,\"width\":288,\"height\":209,\"maximixed\":true},\"spacemap\":{\"x\":10,\"y\":10,\"width\":650,\"height\":475,\"maximixed\":false},\"log\":{\"x\":30,\"y\":30,\"width\":240,\"height\":150,\"maximixed\":false},\"pet\":{\"x\":50,\"y\":50,\"width\":260,\"height\":130,\"maximixed\":false},\"spaceball\":{\"x\":10,\"y\":10,\"width\":170,\"height\":70,\"maximixed\":false},\"booster\":{\"x\":10,\"y\":10,\"width\":110,\"height\":150,\"maximixed\":false},\"traininggrounds\":{\"x\":10,\"y\":10,\"width\":320,\"height\":320,\"maximixed\":false},\"settings\":{\"x\":14,\"y\":44,\"width\":400,\"height\":470,\"maximixed\":false},\"help\":{\"x\":10,\"y\":10,\"width\":219,\"height\":121,\"maximixed\":false},\"logout\":{\"x\":50,\"y\":50,\"width\":200,\"height\":200,\"maximixed\":false}}}', '[{\"actionType\":7,\"charCode\":0,\"parameter\":0,\"keyCodes\":[49]},{\"actionType\":7,\"charCode\":0,\"parameter\":1,\"keyCodes\":[50]},{\"actionType\":7,\"charCode\":0,\"parameter\":2,\"keyCodes\":[51]},{\"actionType\":7,\"charCode\":0,\"parameter\":3,\"keyCodes\":[52]},{\"actionType\":7,\"charCode\":0,\"parameter\":4,\"keyCodes\":[53]},{\"actionType\":7,\"charCode\":0,\"parameter\":5,\"keyCodes\":[54]},{\"actionType\":7,\"charCode\":0,\"parameter\":6,\"keyCodes\":[55]},{\"actionType\":7,\"charCode\":0,\"parameter\":7,\"keyCodes\":[56]},{\"actionType\":7,\"charCode\":0,\"parameter\":8,\"keyCodes\":[57]},{\"actionType\":7,\"charCode\":0,\"parameter\":9,\"keyCodes\":[48]},{\"actionType\":8,\"charCode\":0,\"parameter\":0,\"keyCodes\":[112]},{\"actionType\":8,\"charCode\":0,\"parameter\":1,\"keyCodes\":[113]},{\"actionType\":8,\"charCode\":0,\"parameter\":2,\"keyCodes\":[114]},{\"actionType\":8,\"charCode\":0,\"parameter\":3,\"keyCodes\":[115]},{\"actionType\":8,\"charCode\":0,\"parameter\":4,\"keyCodes\":[116]},{\"actionType\":8,\"charCode\":0,\"parameter\":5,\"keyCodes\":[117]},{\"actionType\":8,\"charCode\":0,\"parameter\":6,\"keyCodes\":[118]},{\"actionType\":8,\"charCode\":0,\"parameter\":7,\"keyCodes\":[119]},{\"actionType\":8,\"charCode\":0,\"parameter\":8,\"keyCodes\":[120]},{\"actionType\":0,\"charCode\":0,\"parameter\":0,\"keyCodes\":[74]},{\"actionType\":1,\"charCode\":0,\"parameter\":0,\"keyCodes\":[67]},{\"actionType\":2,\"charCode\":0,\"parameter\":0,\"keyCodes\":[17]},{\"actionType\":3,\"charCode\":0,\"parameter\":0,\"keyCodes\":[32]},{\"actionType\":4,\"charCode\":0,\"parameter\":0,\"keyCodes\":[69]},{\"actionType\":5,\"charCode\":0,\"parameter\":0,\"keyCodes\":[82]},{\"actionType\":13,\"charCode\":0,\"parameter\":0,\"keyCodes\":[68]},{\"actionType\":6,\"charCode\":0,\"parameter\":0,\"keyCodes\":[76]},{\"actionType\":9,\"charCode\":0,\"parameter\":0,\"keyCodes\":[72]},{\"actionType\":10,\"charCode\":0,\"parameter\":0,\"keyCodes\":[70]},{\"actionType\":11,\"charCode\":0,\"parameter\":0,\"keyCodes\":[107]},{\"actionType\":12,\"charCode\":0,\"parameter\":0,\"keyCodes\":[109]},{\"actionType\":14,\"charCode\":0,\"parameter\":0,\"keyCodes\":[13]},{\"actionType\":15,\"charCode\":0,\"parameter\":0,\"keyCodes\":[9]},{\"actionType\":8,\"charCode\":0,\"parameter\":9,\"keyCodes\":[121]},{\"actionType\":16,\"charCode\":0,\"parameter\":0,\"keyCodes\":[16]}]', '{\"blockedGroupInvites\":false,\"selectedLaser\":\"ammunition_laser_lcb-10\",\"selectedRocket\":\"ammunition_rocket_r-310\",\"selectedRocketLauncher\":\"ammunition_rocketlauncher_hstrm-01\",\"selectedFormation\":\"drone_formation_default\",\"currentConfig\":1,\"selectedCpus\":[\"equipment_extra_cpu_arol-x\",\"equipment_extra_cpu_rllb-x\"]}', '{\"ammunition_mine_smb-01\":0,\"equipment_extra_cpu_ish-01\":0,\"ammunition_specialammo_emp-01\":0,\"ammunition_mine_acm-01\":0,\"ammunition_specialammo_dcr-250\":0,\"ammunition_specialammo_pld-8\":0,\"ammunition_specialammo_r-ic3\":0,\"tech_energy-leech\":0,\"tech_chain-impulse\":0,\"tech_precision-targeter\":0,\"tech_backup-shields\":0,\"tech_battle-repair-bot\":0,\"ability_solace\":0,\"ability_sentinel\":0,\"ability_spectrum\":0,\"ability_diminisher\":0,\"ability_venom\":0,\"ability_lightning\":0}', '{\"1\":\"ammunition_laser_ucb-100\"}', '{\"1\":\"drone_formation_default\"}', '{}'),
(4, '{\"notSet\":false,\"playCombatMusic\":true,\"music\":1,\"sound\":1,\"voice\":1}', '{\"notSet\":false,\"qualityAttack\":0,\"qualityBackground\":0,\"qualityPresetting\":0,\"qualityCustomized\":true,\"qualityPoizone\":0,\"qualityShip\":0,\"qualityEngine\":0,\"qualityExplosion\":0,\"qualityCollectable\":0,\"qualityEffect\":0}', '{\"questsAvailableFilter\":false,\"questsUnavailableFilter\":false,\"questsCompletedFilter\":false,\"var_1151\":false,\"var_2239\":false,\"questsLevelOrderDescending\":false}', '{\"notSet\":false,\"displayPlayerNames\":true,\"displayResources\":true,\"showPremiumQuickslotBar\":true,\"allowAutoQuality\":true,\"preloadUserShips\":true,\"displayHitpointBubbles\":true,\"showNotOwnedItems\":true,\"displayChat\":true,\"displayWindowsBackground\":true,\"displayNotFreeCargoBoxes\":true,\"dragWindowsAlways\":true,\"displayNotifications\":true,\"hoverShips\":true,\"displayDrones\":true,\"displayBonusBoxes\":true,\"displayFreeCargoBoxes\":true,\"var12P\":true,\"varb3N\":false,\"displaySetting3DqualityAntialias\":1,\"varp3M\":1,\"displaySetting3DqualityEffects\":1,\"displaySetting3DqualityLights\":1,\"displaySetting3DqualityTextures\":1,\"var03r\":1,\"displaySetting3DsizeTextures\":1,\"displaySetting3DtextureFiltering\":1,\"proActionBarEnabled\":true,\"proActionBarKeyboardInputEnabled\":true,\"proActionBarAutohideEnabled\":true,\"proActionBarOpened\":false}', '{\"notSet\":false,\"autoRefinement\":false,\"quickSlotStopAttack\":true,\"autoBoost\":false,\"autoBuyBootyKeys\":false,\"doubleclickAttackEnabled\":true,\"autochangeAmmo\":true,\"autoStartEnabled\":true,\"varE3N\":true}', '{\"hideAllWindows\":false,\"scale\":6,\"barState\":\"24,1|23,1|100,1|25,1|35,0|34,0|39,0|\",\"gameFeatureBarPosition\":\"0.062421972534332085,0\",\"gameFeatureBarLayoutType\":\"0\",\"genericFeatureBarPosition\":\"98.29931972789116,0\",\"genericFeatureBarLayoutType\":\"0\",\"categoryBarPosition\":\"50,85\",\"standartSlotBarPosition\":\"50,85|0,40\",\"standartSlotBarLayoutType\":\"0\",\"premiumSlotBarPosition\":\"50,85|0,80\",\"premiumSlotBarLayoutType\":\"0\",\"proActionBarPosition\":\"\",\"proActionBarLayoutType\":\"\",\"windows\":{\"user\":{\"x\":30,\"y\":30,\"width\":212,\"height\":88,\"maximixed\":false},\"ship\":{\"x\":30,\"y\":30,\"width\":212,\"height\":88,\"maximixed\":false},\"ship_warp\":{\"x\":50,\"y\":50,\"width\":300,\"height\":210,\"maximixed\":false},\"chat\":{\"x\":10,\"y\":9,\"width\":300,\"height\":150,\"maximixed\":true},\"group\":{\"x\":50,\"y\":50,\"width\":196,\"height\":200,\"maximixed\":false},\"minimap\":{\"x\":83,\"y\":76,\"width\":375,\"height\":263,\"maximixed\":true},\"spacemap\":{\"x\":10,\"y\":10,\"width\":650,\"height\":475,\"maximixed\":false},\"log\":{\"x\":30,\"y\":30,\"width\":240,\"height\":150,\"maximixed\":false},\"pet\":{\"x\":50,\"y\":50,\"width\":260,\"height\":130,\"maximixed\":false},\"spaceball\":{\"x\":10,\"y\":10,\"width\":170,\"height\":70,\"maximixed\":false},\"booster\":{\"x\":10,\"y\":10,\"width\":110,\"height\":150,\"maximixed\":false},\"traininggrounds\":{\"x\":10,\"y\":10,\"width\":320,\"height\":320,\"maximixed\":false},\"settings\":{\"x\":50,\"y\":48,\"width\":400,\"height\":470,\"maximixed\":false},\"help\":{\"x\":10,\"y\":10,\"width\":219,\"height\":121,\"maximixed\":false},\"logout\":{\"x\":50,\"y\":50,\"width\":200,\"height\":200,\"maximixed\":false}}}', '[{\"actionType\":7,\"charCode\":0,\"parameter\":0,\"keyCodes\":[49]},{\"actionType\":7,\"charCode\":0,\"parameter\":1,\"keyCodes\":[50]},{\"actionType\":7,\"charCode\":0,\"parameter\":2,\"keyCodes\":[51]},{\"actionType\":7,\"charCode\":0,\"parameter\":3,\"keyCodes\":[52]},{\"actionType\":7,\"charCode\":0,\"parameter\":4,\"keyCodes\":[53]},{\"actionType\":7,\"charCode\":0,\"parameter\":5,\"keyCodes\":[54]},{\"actionType\":7,\"charCode\":0,\"parameter\":6,\"keyCodes\":[55]},{\"actionType\":7,\"charCode\":0,\"parameter\":7,\"keyCodes\":[56]},{\"actionType\":7,\"charCode\":0,\"parameter\":8,\"keyCodes\":[57]},{\"actionType\":7,\"charCode\":0,\"parameter\":9,\"keyCodes\":[48]},{\"actionType\":8,\"charCode\":0,\"parameter\":0,\"keyCodes\":[112]},{\"actionType\":8,\"charCode\":0,\"parameter\":1,\"keyCodes\":[113]},{\"actionType\":8,\"charCode\":0,\"parameter\":2,\"keyCodes\":[114]},{\"actionType\":8,\"charCode\":0,\"parameter\":3,\"keyCodes\":[115]},{\"actionType\":8,\"charCode\":0,\"parameter\":4,\"keyCodes\":[116]},{\"actionType\":8,\"charCode\":0,\"parameter\":5,\"keyCodes\":[117]},{\"actionType\":8,\"charCode\":0,\"parameter\":6,\"keyCodes\":[118]},{\"actionType\":8,\"charCode\":0,\"parameter\":7,\"keyCodes\":[119]},{\"actionType\":8,\"charCode\":0,\"parameter\":8,\"keyCodes\":[120]},{\"actionType\":0,\"charCode\":0,\"parameter\":0,\"keyCodes\":[74]},{\"actionType\":1,\"charCode\":0,\"parameter\":0,\"keyCodes\":[67]},{\"actionType\":2,\"charCode\":0,\"parameter\":0,\"keyCodes\":[17]},{\"actionType\":3,\"charCode\":0,\"parameter\":0,\"keyCodes\":[32]},{\"actionType\":4,\"charCode\":0,\"parameter\":0,\"keyCodes\":[69]},{\"actionType\":5,\"charCode\":0,\"parameter\":0,\"keyCodes\":[82]},{\"actionType\":13,\"charCode\":0,\"parameter\":0,\"keyCodes\":[68]},{\"actionType\":6,\"charCode\":0,\"parameter\":0,\"keyCodes\":[76]},{\"actionType\":9,\"charCode\":0,\"parameter\":0,\"keyCodes\":[72]},{\"actionType\":10,\"charCode\":0,\"parameter\":0,\"keyCodes\":[70]},{\"actionType\":11,\"charCode\":0,\"parameter\":0,\"keyCodes\":[107]},{\"actionType\":12,\"charCode\":0,\"parameter\":0,\"keyCodes\":[109]},{\"actionType\":14,\"charCode\":0,\"parameter\":0,\"keyCodes\":[13]},{\"actionType\":15,\"charCode\":0,\"parameter\":0,\"keyCodes\":[9]},{\"actionType\":8,\"charCode\":0,\"parameter\":9,\"keyCodes\":[121]},{\"actionType\":16,\"charCode\":0,\"parameter\":0,\"keyCodes\":[16]}]', '{\"blockedGroupInvites\":false,\"selectedLaser\":\"ammunition_laser_lcb-10\",\"selectedRocket\":\"ammunition_rocket_r-310\",\"selectedRocketLauncher\":\"ammunition_rocketlauncher_hstrm-01\",\"selectedFormation\":\"drone_formation_default\",\"currentConfig\":1,\"selectedCpus\":[\"equipment_extra_cpu_arol-x\",\"equipment_extra_cpu_rllb-x\"]}', '{\"ammunition_mine_smb-01\":0,\"equipment_extra_cpu_ish-01\":0,\"ammunition_specialammo_emp-01\":0,\"ammunition_mine_acm-01\":0,\"ammunition_specialammo_dcr-250\":0,\"ammunition_specialammo_pld-8\":0,\"ammunition_specialammo_r-ic3\":0,\"tech_energy-leech\":0,\"tech_chain-impulse\":0,\"tech_precision-targeter\":0,\"tech_backup-shields\":0,\"tech_battle-repair-bot\":0,\"ability_solace\":0,\"ability_sentinel\":0,\"ability_spectrum\":0,\"ability_diminisher\":0,\"ability_venom\":0,\"ability_lightning\":0}', '{\"1\":\"ammunition_laser_ucb-100\"}', '{\"1\":\"drone_formation_default\"}', '{}'),
(5, '{\"notSet\":false,\"playCombatMusic\":false,\"music\":1,\"sound\":1,\"voice\":1}', '{\"notSet\":false,\"qualityAttack\":0,\"qualityBackground\":0,\"qualityPresetting\":0,\"qualityCustomized\":true,\"qualityPoizone\":0,\"qualityShip\":0,\"qualityEngine\":0,\"qualityExplosion\":0,\"qualityCollectable\":0,\"qualityEffect\":0}', '', '{\"notSet\":false,\"displayPlayerNames\":true,\"displayResources\":true,\"showPremiumQuickslotBar\":true,\"allowAutoQuality\":true,\"preloadUserShips\":true,\"displayHitpointBubbles\":true,\"showNotOwnedItems\":true,\"displayChat\":true,\"displayWindowsBackground\":true,\"displayNotFreeCargoBoxes\":true,\"dragWindowsAlways\":true,\"displayNotifications\":true,\"hoverShips\":true,\"displayDrones\":true,\"displayBonusBoxes\":true,\"displayFreeCargoBoxes\":true,\"var12P\":true,\"varb3N\":false,\"displaySetting3DqualityAntialias\":1,\"varp3M\":1,\"displaySetting3DqualityEffects\":1,\"displaySetting3DqualityLights\":1,\"displaySetting3DqualityTextures\":1,\"var03r\":1,\"displaySetting3DsizeTextures\":1,\"displaySetting3DtextureFiltering\":1,\"proActionBarEnabled\":true,\"proActionBarKeyboardInputEnabled\":true,\"proActionBarAutohideEnabled\":true,\"proActionBarOpened\":false}', '{\"notSet\":false,\"autoRefinement\":false,\"quickSlotStopAttack\":true,\"autoBoost\":false,\"autoBuyBootyKeys\":false,\"doubleclickAttackEnabled\":true,\"autochangeAmmo\":true,\"autoStartEnabled\":true,\"varE3N\":true}', '{\"hideAllWindows\":false,\"scale\":7,\"barState\":\"24,1|23,1|100,1|25,1|35,0|34,0|39,0|\",\"gameFeatureBarPosition\":\"0.15625,0\",\"gameFeatureBarLayoutType\":\"0\",\"genericFeatureBarPosition\":\"98.25436408977556,0\",\"genericFeatureBarLayoutType\":\"0\",\"categoryBarPosition\":\"50,85\",\"standartSlotBarPosition\":\"50,85|0,40\",\"standartSlotBarLayoutType\":\"0\",\"premiumSlotBarPosition\":\"50,85|0,80\",\"premiumSlotBarLayoutType\":\"0\",\"proActionBarPosition\":\"\",\"proActionBarLayoutType\":\"\",\"windows\":{\"user\":{\"x\":30,\"y\":30,\"width\":212,\"height\":88,\"maximixed\":false},\"ship\":{\"x\":30,\"y\":30,\"width\":212,\"height\":88,\"maximixed\":false},\"ship_warp\":{\"x\":50,\"y\":50,\"width\":300,\"height\":210,\"maximixed\":false},\"chat\":{\"x\":10,\"y\":10,\"width\":300,\"height\":150,\"maximixed\":false},\"group\":{\"x\":50,\"y\":50,\"width\":196,\"height\":200,\"maximixed\":false},\"minimap\":{\"x\":0,\"y\":7,\"width\":325,\"height\":232,\"maximixed\":true},\"spacemap\":{\"x\":10,\"y\":10,\"width\":650,\"height\":475,\"maximixed\":false},\"log\":{\"x\":30,\"y\":30,\"width\":240,\"height\":150,\"maximixed\":false},\"pet\":{\"x\":50,\"y\":50,\"width\":260,\"height\":130,\"maximixed\":false},\"spaceball\":{\"x\":10,\"y\":10,\"width\":170,\"height\":70,\"maximixed\":false},\"booster\":{\"x\":10,\"y\":10,\"width\":110,\"height\":150,\"maximixed\":false},\"traininggrounds\":{\"x\":10,\"y\":10,\"width\":320,\"height\":320,\"maximixed\":false},\"settings\":{\"x\":50,\"y\":49,\"width\":400,\"height\":470,\"maximixed\":false},\"help\":{\"x\":10,\"y\":10,\"width\":219,\"height\":121,\"maximixed\":false},\"logout\":{\"x\":50,\"y\":50,\"width\":200,\"height\":200,\"maximixed\":false}}}', '[{\"actionType\":7,\"charCode\":0,\"parameter\":0,\"keyCodes\":[49]},{\"actionType\":7,\"charCode\":0,\"parameter\":1,\"keyCodes\":[50]},{\"actionType\":7,\"charCode\":0,\"parameter\":2,\"keyCodes\":[51]},{\"actionType\":7,\"charCode\":0,\"parameter\":3,\"keyCodes\":[52]},{\"actionType\":7,\"charCode\":0,\"parameter\":4,\"keyCodes\":[53]},{\"actionType\":7,\"charCode\":0,\"parameter\":5,\"keyCodes\":[54]},{\"actionType\":7,\"charCode\":0,\"parameter\":6,\"keyCodes\":[55]},{\"actionType\":7,\"charCode\":0,\"parameter\":7,\"keyCodes\":[56]},{\"actionType\":7,\"charCode\":0,\"parameter\":8,\"keyCodes\":[57]},{\"actionType\":7,\"charCode\":0,\"parameter\":9,\"keyCodes\":[48]},{\"actionType\":8,\"charCode\":0,\"parameter\":0,\"keyCodes\":[112]},{\"actionType\":8,\"charCode\":0,\"parameter\":1,\"keyCodes\":[113]},{\"actionType\":8,\"charCode\":0,\"parameter\":2,\"keyCodes\":[114]},{\"actionType\":8,\"charCode\":0,\"parameter\":3,\"keyCodes\":[115]},{\"actionType\":8,\"charCode\":0,\"parameter\":4,\"keyCodes\":[116]},{\"actionType\":8,\"charCode\":0,\"parameter\":5,\"keyCodes\":[117]},{\"actionType\":8,\"charCode\":0,\"parameter\":6,\"keyCodes\":[118]},{\"actionType\":8,\"charCode\":0,\"parameter\":7,\"keyCodes\":[119]},{\"actionType\":8,\"charCode\":0,\"parameter\":8,\"keyCodes\":[120]},{\"actionType\":0,\"charCode\":0,\"parameter\":0,\"keyCodes\":[74]},{\"actionType\":1,\"charCode\":0,\"parameter\":0,\"keyCodes\":[67]},{\"actionType\":2,\"charCode\":0,\"parameter\":0,\"keyCodes\":[17]},{\"actionType\":3,\"charCode\":0,\"parameter\":0,\"keyCodes\":[32]},{\"actionType\":4,\"charCode\":0,\"parameter\":0,\"keyCodes\":[69]},{\"actionType\":5,\"charCode\":0,\"parameter\":0,\"keyCodes\":[82]},{\"actionType\":13,\"charCode\":0,\"parameter\":0,\"keyCodes\":[68]},{\"actionType\":6,\"charCode\":0,\"parameter\":0,\"keyCodes\":[76]},{\"actionType\":9,\"charCode\":0,\"parameter\":0,\"keyCodes\":[72]},{\"actionType\":10,\"charCode\":0,\"parameter\":0,\"keyCodes\":[70]},{\"actionType\":11,\"charCode\":0,\"parameter\":0,\"keyCodes\":[107]},{\"actionType\":12,\"charCode\":0,\"parameter\":0,\"keyCodes\":[109]},{\"actionType\":14,\"charCode\":0,\"parameter\":0,\"keyCodes\":[13]},{\"actionType\":15,\"charCode\":0,\"parameter\":0,\"keyCodes\":[9]},{\"actionType\":8,\"charCode\":0,\"parameter\":9,\"keyCodes\":[121]},{\"actionType\":16,\"charCode\":0,\"parameter\":0,\"keyCodes\":[16]}]', '', '{\"ammunition_mine_smb-01\":0,\"equipment_extra_cpu_ish-01\":0,\"ammunition_specialammo_emp-01\":0,\"ammunition_mine_acm-01\":0,\"ammunition_specialammo_dcr-250\":0,\"ammunition_specialammo_pld-8\":0,\"ammunition_specialammo_r-ic3\":0,\"tech_energy-leech\":0,\"tech_chain-impulse\":0,\"tech_precision-targeter\":0,\"tech_backup-shields\":0,\"tech_battle-repair-bot\":0,\"ability_solace\":0,\"ability_sentinel\":0,\"ability_spectrum\":0,\"ability_diminisher\":0,\"ability_venom\":0,\"ability_lightning\":0}', '', '', ''),
(6, '{\"notSet\":false,\"playCombatMusic\":true,\"music\":1,\"sound\":100,\"voice\":100}', '{\"notSet\":false,\"qualityAttack\":0,\"qualityBackground\":3,\"qualityPresetting\":3,\"qualityCustomized\":true,\"qualityPoizone\":3,\"qualityShip\":0,\"qualityEngine\":0,\"qualityExplosion\":0,\"qualityCollectable\":0,\"qualityEffect\":0}', '{\"questsAvailableFilter\":false,\"questsUnavailableFilter\":false,\"questsCompletedFilter\":false,\"var_1151\":false,\"var_2239\":false,\"questsLevelOrderDescending\":false}', '{\"notSet\":false,\"displayPlayerNames\":true,\"displayResources\":true,\"showPremiumQuickslotBar\":true,\"allowAutoQuality\":true,\"preloadUserShips\":true,\"displayHitpointBubbles\":true,\"showNotOwnedItems\":true,\"displayChat\":true,\"displayWindowsBackground\":true,\"displayNotFreeCargoBoxes\":true,\"dragWindowsAlways\":true,\"displayNotifications\":true,\"hoverShips\":true,\"displayDrones\":true,\"displayBonusBoxes\":true,\"displayFreeCargoBoxes\":true,\"var12P\":true,\"varb3N\":false,\"displaySetting3DqualityAntialias\":4,\"varp3M\":4,\"displaySetting3DqualityEffects\":4,\"displaySetting3DqualityLights\":3,\"displaySetting3DqualityTextures\":3,\"var03r\":4,\"displaySetting3DsizeTextures\":3,\"displaySetting3DtextureFiltering\":1,\"proActionBarEnabled\":true,\"proActionBarKeyboardInputEnabled\":true,\"proActionBarAutohideEnabled\":true,\"proActionBarOpened\":false}', '{\"notSet\":false,\"autoRefinement\":false,\"quickSlotStopAttack\":true,\"autoBoost\":false,\"autoBuyBootyKeys\":false,\"doubleclickAttackEnabled\":true,\"autochangeAmmo\":true,\"autoStartEnabled\":true,\"varE3N\":true}', '{\"hideAllWindows\":false,\"scale\":7,\"barState\":\"24,1|23,1|100,1|25,1|35,0|34,0|39,0|\",\"gameFeatureBarPosition\":\"0.06734006734006734,0\",\"gameFeatureBarLayoutType\":\"0\",\"genericFeatureBarPosition\":\"98.29931972789116,0\",\"genericFeatureBarLayoutType\":\"0\",\"categoryBarPosition\":\"50,85\",\"standartSlotBarPosition\":\"50,85|0,40\",\"standartSlotBarLayoutType\":\"0\",\"premiumSlotBarPosition\":\"50,85|0,80\",\"premiumSlotBarLayoutType\":\"0\",\"proActionBarPosition\":\"0,NaN|0,0\",\"proActionBarLayoutType\":\"0\",\"windows\":{\"user\":{\"x\":98,\"y\":16,\"width\":212,\"height\":88,\"maximixed\":true},\"ship\":{\"x\":98,\"y\":4,\"width\":212,\"height\":88,\"maximixed\":true},\"ship_warp\":{\"x\":50,\"y\":50,\"width\":300,\"height\":210,\"maximixed\":false},\"chat\":{\"x\":3,\"y\":91,\"width\":300,\"height\":150,\"maximixed\":false},\"group\":{\"x\":50,\"y\":50,\"width\":196,\"height\":200,\"maximixed\":false},\"minimap\":{\"x\":98,\"y\":96,\"width\":325,\"height\":232,\"maximixed\":true},\"spacemap\":{\"x\":10,\"y\":10,\"width\":650,\"height\":475,\"maximixed\":false},\"log\":{\"x\":30,\"y\":30,\"width\":240,\"height\":150,\"maximixed\":false},\"pet\":{\"x\":50,\"y\":49,\"width\":260,\"height\":130,\"maximixed\":false},\"spaceball\":{\"x\":10,\"y\":10,\"width\":170,\"height\":70,\"maximixed\":false},\"booster\":{\"x\":10,\"y\":9,\"width\":110,\"height\":150,\"maximixed\":false},\"traininggrounds\":{\"x\":10,\"y\":9,\"width\":320,\"height\":320,\"maximixed\":false},\"settings\":{\"x\":50,\"y\":49,\"width\":400,\"height\":470,\"maximixed\":false},\"help\":{\"x\":10,\"y\":10,\"width\":219,\"height\":121,\"maximixed\":false},\"logout\":{\"x\":50,\"y\":50,\"width\":200,\"height\":200,\"maximixed\":false}}}', '[{\"actionType\":7,\"charCode\":0,\"parameter\":0,\"keyCodes\":[49]},{\"actionType\":7,\"charCode\":0,\"parameter\":1,\"keyCodes\":[50]},{\"actionType\":7,\"charCode\":0,\"parameter\":2,\"keyCodes\":[51]},{\"actionType\":7,\"charCode\":0,\"parameter\":3,\"keyCodes\":[52]},{\"actionType\":7,\"charCode\":0,\"parameter\":4,\"keyCodes\":[53]},{\"actionType\":7,\"charCode\":0,\"parameter\":5,\"keyCodes\":[54]},{\"actionType\":7,\"charCode\":0,\"parameter\":6,\"keyCodes\":[55]},{\"actionType\":7,\"charCode\":0,\"parameter\":7,\"keyCodes\":[56]},{\"actionType\":7,\"charCode\":0,\"parameter\":8,\"keyCodes\":[57]},{\"actionType\":7,\"charCode\":0,\"parameter\":9,\"keyCodes\":[48]},{\"actionType\":8,\"charCode\":0,\"parameter\":0,\"keyCodes\":[112]},{\"actionType\":8,\"charCode\":0,\"parameter\":1,\"keyCodes\":[113]},{\"actionType\":8,\"charCode\":0,\"parameter\":2,\"keyCodes\":[114]},{\"actionType\":8,\"charCode\":0,\"parameter\":3,\"keyCodes\":[115]},{\"actionType\":8,\"charCode\":0,\"parameter\":4,\"keyCodes\":[116]},{\"actionType\":8,\"charCode\":0,\"parameter\":5,\"keyCodes\":[117]},{\"actionType\":8,\"charCode\":0,\"parameter\":6,\"keyCodes\":[118]},{\"actionType\":8,\"charCode\":0,\"parameter\":7,\"keyCodes\":[119]},{\"actionType\":8,\"charCode\":0,\"parameter\":8,\"keyCodes\":[120]},{\"actionType\":0,\"charCode\":0,\"parameter\":0,\"keyCodes\":[74]},{\"actionType\":1,\"charCode\":0,\"parameter\":0,\"keyCodes\":[67]},{\"actionType\":2,\"charCode\":0,\"parameter\":0,\"keyCodes\":[17]},{\"actionType\":3,\"charCode\":0,\"parameter\":0,\"keyCodes\":[32]},{\"actionType\":4,\"charCode\":0,\"parameter\":0,\"keyCodes\":[69]},{\"actionType\":5,\"charCode\":0,\"parameter\":0,\"keyCodes\":[82]},{\"actionType\":13,\"charCode\":0,\"parameter\":0,\"keyCodes\":[68]},{\"actionType\":6,\"charCode\":0,\"parameter\":0,\"keyCodes\":[76]},{\"actionType\":9,\"charCode\":0,\"parameter\":0,\"keyCodes\":[72]},{\"actionType\":10,\"charCode\":0,\"parameter\":0,\"keyCodes\":[70]},{\"actionType\":11,\"charCode\":0,\"parameter\":0,\"keyCodes\":[107]},{\"actionType\":12,\"charCode\":0,\"parameter\":0,\"keyCodes\":[109]},{\"actionType\":14,\"charCode\":0,\"parameter\":0,\"keyCodes\":[13]},{\"actionType\":15,\"charCode\":0,\"parameter\":0,\"keyCodes\":[9]},{\"actionType\":8,\"charCode\":0,\"parameter\":9,\"keyCodes\":[121]},{\"actionType\":16,\"charCode\":0,\"parameter\":0,\"keyCodes\":[16]}]', '{\"blockedGroupInvites\":false,\"selectedLaser\":\"ammunition_laser_ucb-100\",\"selectedRocket\":\"ammunition_rocket_plt-3030\",\"selectedRocketLauncher\":\"ammunition_rocketlauncher_hstrm-01\",\"selectedFormation\":\"drone_formation_f-3d-dr\",\"currentConfig\":2,\"selectedCpus\":[\"equipment_extra_cpu_arol-x\",\"equipment_extra_cpu_rllb-x\"]}', '{\"ammunition_mine_smb-01\":0,\"equipment_extra_cpu_ish-01\":0,\"ammunition_specialammo_emp-01\":0,\"ammunition_mine_acm-01\":0,\"ammunition_specialammo_dcr-250\":0,\"ammunition_specialammo_pld-8\":0,\"ammunition_specialammo_r-ic3\":0,\"tech_energy-leech\":0,\"tech_chain-impulse\":0,\"tech_precision-targeter\":0,\"tech_backup-shields\":0,\"tech_battle-repair-bot\":0,\"ability_solace\":0,\"ability_sentinel\":0,\"ability_spectrum\":0,\"ability_diminisher\":0,\"ability_venom\":0,\"ability_lightning\":0}', '{\"1\":\"ammunition_laser_ucb-100\",\"2\":\"ammunition_laser_rsb-75\",\"3\":\"ammunition_laser_sab-50\",\"4\":\"ammunition_rocket_plt-3030\",\"5\":\"ammunition_specialammo_dcr-250\",\"6\":\"ammunition_specialammo_r-ic3\",\"7\":\"ammunition_specialammo_pld-8\",\"8\":\"ammunition_mine_smb-01\",\"9\":\"equipment_extra_cpu_ish-01\",\"10\":\"ammunition_specialammo_emp-01\"}', '{\"1\":\"drone_formation_f-3d-rg\",\"10\":\"tech_backup-shields\",\"9\":\"tech_battle-repair-bot\",\"8\":\"ability_spectrum\",\"2\":\"drone_formation_f-3d-dr\",\"3\":\"drone_formation_f-07-di\",\"4\":\"drone_formation_f-09-mo\",\"5\":\"drone_formation_f-11-he\",\"6\":\"drone_formation_f-10-cr\",\"7\":\"drone_formation_f-04-st\"}', '{}'),
(7, '{\"notSet\":false,\"playCombatMusic\":true,\"music\":100,\"sound\":100,\"voice\":100}', '{\"notSet\":false,\"qualityAttack\":0,\"qualityBackground\":3,\"qualityPresetting\":3,\"qualityCustomized\":true,\"qualityPoizone\":3,\"qualityShip\":0,\"qualityEngine\":0,\"qualityExplosion\":0,\"qualityCollectable\":0,\"qualityEffect\":0}', '{\"questsAvailableFilter\":false,\"questsUnavailableFilter\":false,\"questsCompletedFilter\":false,\"var_1151\":false,\"var_2239\":false,\"questsLevelOrderDescending\":false}', '{\"notSet\":false,\"displayPlayerNames\":true,\"displayResources\":true,\"showPremiumQuickslotBar\":true,\"allowAutoQuality\":true,\"preloadUserShips\":true,\"displayHitpointBubbles\":true,\"showNotOwnedItems\":true,\"displayChat\":true,\"displayWindowsBackground\":true,\"displayNotFreeCargoBoxes\":true,\"dragWindowsAlways\":true,\"displayNotifications\":true,\"hoverShips\":true,\"displayDrones\":true,\"displayBonusBoxes\":true,\"displayFreeCargoBoxes\":true,\"var12P\":true,\"varb3N\":false,\"displaySetting3DqualityAntialias\":4,\"varp3M\":4,\"displaySetting3DqualityEffects\":4,\"displaySetting3DqualityLights\":3,\"displaySetting3DqualityTextures\":3,\"var03r\":4,\"displaySetting3DsizeTextures\":3,\"displaySetting3DtextureFiltering\":-1,\"proActionBarEnabled\":true,\"proActionBarKeyboardInputEnabled\":true,\"proActionBarAutohideEnabled\":true,\"proActionBarOpened\":false}', '{\"notSet\":false,\"autoRefinement\":false,\"quickSlotStopAttack\":true,\"autoBoost\":false,\"autoBuyBootyKeys\":false,\"doubleclickAttackEnabled\":true,\"autochangeAmmo\":true,\"autoStartEnabled\":true,\"varE3N\":true}', '{\"hideAllWindows\":false,\"scale\":6,\"barState\":\"24,1|23,1|100,1|25,1|35,0|34,0|39,0|\",\"gameFeatureBarPosition\":\"0.09541984732824427,0\",\"gameFeatureBarLayoutType\":\"0\",\"genericFeatureBarPosition\":\"98.26446280991735,0\",\"genericFeatureBarLayoutType\":\"0\",\"categoryBarPosition\":\"50,85\",\"standartSlotBarPosition\":\"50,85|0,40\",\"standartSlotBarLayoutType\":\"0\",\"premiumSlotBarPosition\":\"50,85|0,80\",\"premiumSlotBarLayoutType\":\"0\",\"proActionBarPosition\":\"\",\"proActionBarLayoutType\":\"\",\"windows\":{\"user\":{\"x\":30,\"y\":30,\"width\":212,\"height\":88,\"maximixed\":false},\"ship\":{\"x\":30,\"y\":30,\"width\":212,\"height\":88,\"maximixed\":false},\"ship_warp\":{\"x\":50,\"y\":50,\"width\":300,\"height\":210,\"maximixed\":false},\"chat\":{\"x\":10,\"y\":10,\"width\":300,\"height\":150,\"maximixed\":false},\"group\":{\"x\":50,\"y\":50,\"width\":196,\"height\":200,\"maximixed\":false},\"minimap\":{\"x\":30,\"y\":30,\"width\":238,\"height\":180,\"maximixed\":false},\"spacemap\":{\"x\":10,\"y\":10,\"width\":650,\"height\":475,\"maximixed\":false},\"log\":{\"x\":30,\"y\":30,\"width\":240,\"height\":150,\"maximixed\":false},\"pet\":{\"x\":50,\"y\":50,\"width\":260,\"height\":130,\"maximixed\":false},\"spaceball\":{\"x\":10,\"y\":10,\"width\":170,\"height\":70,\"maximixed\":false},\"booster\":{\"x\":10,\"y\":10,\"width\":110,\"height\":150,\"maximixed\":false},\"traininggrounds\":{\"x\":10,\"y\":10,\"width\":320,\"height\":320,\"maximixed\":false},\"settings\":{\"x\":50,\"y\":50,\"width\":400,\"height\":470,\"maximixed\":false},\"help\":{\"x\":10,\"y\":10,\"width\":219,\"height\":121,\"maximixed\":false},\"logout\":{\"x\":50,\"y\":50,\"width\":200,\"height\":200,\"maximixed\":false}}}', '[{\"actionType\":7,\"charCode\":0,\"parameter\":0,\"keyCodes\":[49]},{\"actionType\":7,\"charCode\":0,\"parameter\":1,\"keyCodes\":[50]},{\"actionType\":7,\"charCode\":0,\"parameter\":2,\"keyCodes\":[51]},{\"actionType\":7,\"charCode\":0,\"parameter\":3,\"keyCodes\":[52]},{\"actionType\":7,\"charCode\":0,\"parameter\":4,\"keyCodes\":[53]},{\"actionType\":7,\"charCode\":0,\"parameter\":5,\"keyCodes\":[54]},{\"actionType\":7,\"charCode\":0,\"parameter\":6,\"keyCodes\":[55]},{\"actionType\":7,\"charCode\":0,\"parameter\":7,\"keyCodes\":[56]},{\"actionType\":7,\"charCode\":0,\"parameter\":8,\"keyCodes\":[57]},{\"actionType\":7,\"charCode\":0,\"parameter\":9,\"keyCodes\":[48]},{\"actionType\":8,\"charCode\":0,\"parameter\":0,\"keyCodes\":[112]},{\"actionType\":8,\"charCode\":0,\"parameter\":1,\"keyCodes\":[113]},{\"actionType\":8,\"charCode\":0,\"parameter\":2,\"keyCodes\":[114]},{\"actionType\":8,\"charCode\":0,\"parameter\":3,\"keyCodes\":[115]},{\"actionType\":8,\"charCode\":0,\"parameter\":4,\"keyCodes\":[116]},{\"actionType\":8,\"charCode\":0,\"parameter\":5,\"keyCodes\":[117]},{\"actionType\":8,\"charCode\":0,\"parameter\":6,\"keyCodes\":[118]},{\"actionType\":8,\"charCode\":0,\"parameter\":7,\"keyCodes\":[119]},{\"actionType\":8,\"charCode\":0,\"parameter\":8,\"keyCodes\":[120]},{\"actionType\":0,\"charCode\":0,\"parameter\":0,\"keyCodes\":[74]},{\"actionType\":1,\"charCode\":0,\"parameter\":0,\"keyCodes\":[67]},{\"actionType\":2,\"charCode\":0,\"parameter\":0,\"keyCodes\":[17]},{\"actionType\":3,\"charCode\":0,\"parameter\":0,\"keyCodes\":[32]},{\"actionType\":4,\"charCode\":0,\"parameter\":0,\"keyCodes\":[69]},{\"actionType\":5,\"charCode\":0,\"parameter\":0,\"keyCodes\":[82]},{\"actionType\":13,\"charCode\":0,\"parameter\":0,\"keyCodes\":[68]},{\"actionType\":6,\"charCode\":0,\"parameter\":0,\"keyCodes\":[76]},{\"actionType\":9,\"charCode\":0,\"parameter\":0,\"keyCodes\":[72]},{\"actionType\":10,\"charCode\":0,\"parameter\":0,\"keyCodes\":[70]},{\"actionType\":11,\"charCode\":0,\"parameter\":0,\"keyCodes\":[107]},{\"actionType\":12,\"charCode\":0,\"parameter\":0,\"keyCodes\":[109]},{\"actionType\":14,\"charCode\":0,\"parameter\":0,\"keyCodes\":[13]},{\"actionType\":15,\"charCode\":0,\"parameter\":0,\"keyCodes\":[9]},{\"actionType\":8,\"charCode\":0,\"parameter\":9,\"keyCodes\":[121]},{\"actionType\":16,\"charCode\":0,\"parameter\":0,\"keyCodes\":[16]}]', '{\"blockedGroupInvites\":false,\"selectedLaser\":\"ammunition_laser_lcb-10\",\"selectedRocket\":\"ammunition_rocket_r-310\",\"selectedRocketLauncher\":\"ammunition_rocketlauncher_hstrm-01\",\"selectedFormation\":\"drone_formation_default\",\"currentConfig\":1,\"selectedCpus\":[\"equipment_extra_cpu_arol-x\",\"equipment_extra_cpu_rllb-x\"]}', '{\"ammunition_mine_smb-01\":0,\"equipment_extra_cpu_ish-01\":0,\"ammunition_specialammo_emp-01\":0,\"ammunition_mine_acm-01\":0,\"ammunition_specialammo_dcr-250\":0,\"ammunition_specialammo_pld-8\":0,\"ammunition_specialammo_r-ic3\":0,\"tech_energy-leech\":0,\"tech_chain-impulse\":0,\"tech_precision-targeter\":0,\"tech_backup-shields\":0,\"tech_battle-repair-bot\":0,\"ability_solace\":0,\"ability_sentinel\":0,\"ability_spectrum\":0,\"ability_diminisher\":0,\"ability_venom\":0,\"ability_lightning\":0}', '{\"1\":\"ammunition_laser_ucb-100\"}', '{\"1\":\"drone_formation_default\"}', '{}');

-- --------------------------------------------------------

--
-- Tablo için tablo yapısı `player_skilltree`
--

CREATE TABLE `player_skilltree` (
  `userID` int(11) NOT NULL,
  `logDisk` int(11) NOT NULL DEFAULT 0,
  `currentRp` int(11) NOT NULL DEFAULT 0,
  `usedRp` int(11) NOT NULL DEFAULT 0,
  `skill_1` int(11) NOT NULL,
  `skill_13` int(2) NOT NULL DEFAULT 0,
  `skill_5a` int(2) NOT NULL DEFAULT 0,
  `skill_20` int(2) NOT NULL DEFAULT 0,
  `skill_6` int(2) NOT NULL DEFAULT 0,
  `skill_23a` int(2) NOT NULL DEFAULT 0,
  `skill_21a` int(2) NOT NULL DEFAULT 0,
  `skill_5b` int(2) NOT NULL DEFAULT 0,
  `skill_21b` int(2) NOT NULL DEFAULT 0,
  `skill_23b` int(2) NOT NULL DEFAULT 0
) ENGINE=InnoDB DEFAULT CHARSET=utf8 COLLATE=utf8_bin;

--
-- Tablo döküm verisi `player_skilltree`
--

INSERT INTO `player_skilltree` (`userID`, `logDisk`, `currentRp`, `usedRp`, `skill_1`, `skill_13`, `skill_5a`, `skill_20`, `skill_6`, `skill_23a`, `skill_21a`, `skill_5b`, `skill_21b`, `skill_23b`) VALUES
(1, 57, 0, 19, 5, 5, 2, 5, 5, 0, 0, 3, 3, 0),
(2, 4907, 15, 35, 5, 5, 2, 5, 5, 2, 2, 3, 3, 3),
(6, 0, 0, 0, 0, 0, 0, 0, 0, 0, 0, 0, 0, 0),
(7, 0, 0, 0, 0, 0, 0, 0, 0, 0, 0, 0, 0, 0);

-- --------------------------------------------------------

--
-- Tablo için tablo yapısı `player_titles`
--

CREATE TABLE `player_titles` (
  `userID` int(11) NOT NULL,
  `titles` varchar(255) COLLATE utf8_bin NOT NULL DEFAULT '[]'
) ENGINE=InnoDB DEFAULT CHARSET=utf8 COLLATE=utf8_bin;

--
-- Tablo döküm verisi `player_titles`
--

INSERT INTO `player_titles` (`userID`, `titles`) VALUES
(1, '[]'),
(2, '[]'),
(3, '[]'),
(4, '[]'),
(5, '[]'),
(6, '[]'),
(7, '[]');

-- --------------------------------------------------------

--
-- Tablo için tablo yapısı `server_advertisement`
--

CREATE TABLE `server_advertisement` (
  `advertisementID` int(11) NOT NULL,
  `data` varchar(512) COLLATE utf8_bin NOT NULL,
  `comment` varchar(60) COLLATE utf8_bin NOT NULL,
  `enabled` int(1) NOT NULL DEFAULT 1
) ENGINE=InnoDB DEFAULT CHARSET=utf8 COLLATE=utf8_bin;

--
-- Tablo döküm verisi `server_advertisement`
--

INSERT INTO `server_advertisement` (`advertisementID`, `data`, `comment`, `enabled`) VALUES
(1, '', 'Uridium, kredi bölümünün üstüne gelen reklam alanı.', 0),
(2, '', 'MapRevolution hariç her sayfanın footer kısmına gelen reklam', 0),
(3, '', 'Her sayfada açılan modal içerisine gelen reklam', 0),
(4, '', 'MapRevolution içindeki üst reklam alanı', 0),
(5, '', 'MapRevolution içindeki alt reklam alanı', 0),
(6, '', 'Blog Üst İçerik', 0),
(7, '', 'Blog alt içerik', 0),
(8, '', 'Blog sağ içerik', 0);

-- --------------------------------------------------------

--
-- Tablo için tablo yapısı `server_bans`
--

CREATE TABLE `server_bans` (
  `id` int(11) NOT NULL,
  `userId` int(11) NOT NULL,
  `modId` int(11) NOT NULL,
  `reason` text COLLATE utf8_bin NOT NULL,
  `typeId` tinyint(1) NOT NULL,
  `until_date` datetime NOT NULL,
  `date_added` timestamp NOT NULL DEFAULT current_timestamp()
) ENGINE=InnoDB DEFAULT CHARSET=utf8 COLLATE=utf8_bin;

-- --------------------------------------------------------

--
-- Tablo için tablo yapısı `server_battlestations`
--

CREATE TABLE `server_battlestations` (
  `id` int(11) NOT NULL,
  `name` text COLLATE utf8_bin NOT NULL,
  `mapId` int(11) NOT NULL,
  `clanId` int(11) NOT NULL,
  `positionX` int(11) NOT NULL,
  `positionY` int(11) NOT NULL,
  `inBuildingState` tinyint(4) NOT NULL,
  `buildTimeInMinutes` int(11) NOT NULL,
  `buildTime` datetime NOT NULL,
  `deflectorActive` tinyint(4) NOT NULL,
  `deflectorSecondsLeft` int(11) NOT NULL,
  `deflectorTime` datetime NOT NULL,
  `visualModifiers` text COLLATE utf8_bin NOT NULL,
  `modules` longtext COLLATE utf8_bin NOT NULL
) ENGINE=InnoDB DEFAULT CHARSET=utf8 COLLATE=utf8_bin;

--
-- Tablo döküm verisi `server_battlestations`
--

INSERT INTO `server_battlestations` (`id`, `name`, `mapId`, `clanId`, `positionX`, `positionY`, `inBuildingState`, `buildTimeInMinutes`, `buildTime`, `deflectorActive`, `deflectorSecondsLeft`, `deflectorTime`, `visualModifiers`, `modules`) VALUES
(1, 'Julius', 15, 0, 16400, 11400, 0, 0, '2019-09-19 16:48:23', 0, 0, '0001-01-01 00:00:00', '[]', '[]');

-- --------------------------------------------------------

--
-- Tablo için tablo yapısı `server_blog`
--

CREATE TABLE `server_blog` (
  `BlogID` int(11) NOT NULL,
  `Url` varchar(60) COLLATE utf8_bin NOT NULL,
  `Type` int(1) NOT NULL DEFAULT 1,
  `Title` varchar(60) COLLATE utf8_bin NOT NULL,
  `Image` varchar(125) COLLATE utf8_bin NOT NULL,
  `Content` text COLLATE utf8_bin NOT NULL,
  `Author` varchar(25) COLLATE utf8_bin NOT NULL,
  `Date` timestamp NOT NULL DEFAULT current_timestamp()
) ENGINE=InnoDB DEFAULT CHARSET=utf8 COLLATE=utf8_bin;

-- --------------------------------------------------------

--
-- Tablo için tablo yapısı `server_clan`
--

CREATE TABLE `server_clan` (
  `clanID` int(11) NOT NULL,
  `name` varchar(255) COLLATE utf8_bin NOT NULL DEFAULT '',
  `tag` varchar(255) COLLATE utf8_bin NOT NULL DEFAULT '',
  `description` varchar(2048) COLLATE utf8_bin NOT NULL DEFAULT '',
  `factionID` int(1) NOT NULL DEFAULT 0,
  `recruiting` tinyint(2) NOT NULL DEFAULT 1,
  `leaderID` int(11) NOT NULL DEFAULT 0,
  `news` varchar(2048) COLLATE utf8_bin NOT NULL DEFAULT '[]',
  `members` varchar(2048) COLLATE utf8_bin NOT NULL DEFAULT '[]',
  `rankPoints` int(11) NOT NULL,
  `rank` int(11) NOT NULL DEFAULT 0,
  `date` timestamp NOT NULL DEFAULT current_timestamp(),
  `profile` varchar(255) COLLATE utf8_bin NOT NULL DEFAULT 'default.jpg',
  `randomID` varchar(6) COLLATE utf8_bin NOT NULL
) ENGINE=InnoDB DEFAULT CHARSET=utf8 COLLATE=utf8_bin;

--
-- Tablo döküm verisi `server_clan`
--

INSERT INTO `server_clan` (`clanID`, `name`, `tag`, `description`, `factionID`, `recruiting`, `leaderID`, `news`, `members`, `rankPoints`, `rank`, `date`, `profile`, `randomID`) VALUES
(19, 'ADM CLAN XD', 'ADM', 'ADMIN', 3, 1, 2, '[]', '[{\"userID\":2,\"date\":\"19.09.2019 13:49:26\"}]', 0, 0, '2019-09-19 10:49:26', 'default.jpg', 'A0jYcg'),
(21, 'aaaaaaaaaaaaaaa', 'aaaa', 'aaaaaa', 2, 1, 5, '[]', '[{\"userID\":5,\"date\":\"19.09.2019 14:46:20\"}]', 0, 0, '2019-09-19 11:46:20', 'default.jpg', 'tHL6l1'),
(30, 'FAKİR TOPLULUĞU', 'FKR', 'S', 3, 1, 1, '[]', '[{\"userID\":1,\"date\":\"22.09.2019 00:24:47\"}]', 0, 0, '2019-09-21 21:24:47', 'default.jpg', 'JXEpc3'),
(31, 'YRRK KLANI', 'YRRK', 'yrrk severler klanı', 3, 1, 6, '[]', '[{\"userID\":6,\"date\":\"22.09.2019 00:30:20\"}]', 0, 0, '2019-09-21 21:30:20', 'default.jpg', 'c7yKBx'),
(32, 'FAKİRLER', 'FAKR', 'Fakirler', 3, 1, 7, '[]', '[{\"userID\":7,\"date\":\"22.09.2019 00:33:02\"}]', 0, 0, '2019-09-21 21:33:02', 'default.jpg', 'jZa7ci');

-- --------------------------------------------------------

--
-- Tablo için tablo yapısı `server_clan_applications`
--

CREATE TABLE `server_clan_applications` (
  `applicationID` int(11) NOT NULL,
  `clanID` int(11) NOT NULL,
  `userID` int(11) NOT NULL,
  `message` varchar(255) COLLATE utf8_bin NOT NULL,
  `date` timestamp NOT NULL DEFAULT current_timestamp()
) ENGINE=InnoDB DEFAULT CHARSET=utf8 COLLATE=utf8_bin;

-- --------------------------------------------------------

--
-- Tablo için tablo yapısı `server_clan_diplomacy`
--

CREATE TABLE `server_clan_diplomacy` (
  `ID` int(11) NOT NULL,
  `senderClan` int(11) NOT NULL,
  `toClan` int(11) NOT NULL,
  `diplomacyType` int(1) NOT NULL,
  `Date` timestamp NULL DEFAULT current_timestamp()
) ENGINE=InnoDB DEFAULT CHARSET=utf8 COLLATE=utf8_bin;

--
-- Tablo döküm verisi `server_clan_diplomacy`
--

INSERT INTO `server_clan_diplomacy` (`ID`, `senderClan`, `toClan`, `diplomacyType`, `Date`) VALUES
(8, 31, 30, 3, '2019-09-21 21:31:04'),
(9, 32, 19, 3, '2019-09-21 21:35:07'),
(10, 32, 21, 3, '2019-09-21 21:35:19'),
(11, 32, 31, 3, '2019-09-21 21:35:31'),
(12, 19, 30, 3, '2019-09-23 11:43:50');

-- --------------------------------------------------------

--
-- Tablo için tablo yapısı `server_clan_diplomacy_applications`
--

CREATE TABLE `server_clan_diplomacy_applications` (
  `ID` int(11) NOT NULL,
  `appID` int(11) NOT NULL DEFAULT 0,
  `senderClan` int(11) NOT NULL,
  `toClan` int(11) NOT NULL,
  `diplomacyType` tinyint(1) NOT NULL,
  `Description` varchar(255) COLLATE utf8_bin NOT NULL,
  `date` timestamp NOT NULL DEFAULT current_timestamp()
) ENGINE=InnoDB DEFAULT CHARSET=utf8 COLLATE=utf8_bin;

-- --------------------------------------------------------

--
-- Tablo için tablo yapısı `server_evoucher`
--

CREATE TABLE `server_evoucher` (
  `ID` int(11) NOT NULL,
  `Code` varchar(32) COLLATE utf8_bin NOT NULL,
  `Available` int(1) NOT NULL DEFAULT 1,
  `Max` int(11) NOT NULL,
  `Used` int(11) NOT NULL,
  `Reward` varchar(128) COLLATE utf8_bin NOT NULL,
  `User` text COLLATE utf8_bin NOT NULL
) ENGINE=InnoDB DEFAULT CHARSET=utf8 COLLATE=utf8_bin;

-- --------------------------------------------------------

--
-- Tablo için tablo yapısı `server_galaxygates`
--

CREATE TABLE `server_galaxygates` (
  `Gate_ID` int(11) NOT NULL,
  `Gate_Name` varchar(16) COLLATE utf8_bin NOT NULL,
  `Gate_Part` int(3) NOT NULL,
  `Gate_Wave` int(3) NOT NULL,
  `Gate_Life` int(2) NOT NULL
) ENGINE=InnoDB DEFAULT CHARSET=utf8 COLLATE=utf8_bin;

--
-- Tablo döküm verisi `server_galaxygates`
--

INSERT INTO `server_galaxygates` (`Gate_ID`, `Gate_Name`, `Gate_Part`, `Gate_Wave`, `Gate_Life`) VALUES
(1, 'Hades', 45, 3, 5);

-- --------------------------------------------------------

--
-- Tablo için tablo yapısı `server_maps`
--

CREATE TABLE `server_maps` (
  `mapID` int(11) NOT NULL,
  `name` varchar(255) COLLATE utf8_bin NOT NULL DEFAULT '',
  `stations` longtext COLLATE utf8_bin NOT NULL,
  `portals` longtext COLLATE utf8_bin NOT NULL,
  `collectables` longtext COLLATE utf8_bin NOT NULL,
  `options` varchar(512) COLLATE utf8_bin NOT NULL DEFAULT '{"StarterMap":false,"PvpMap":false,"RangeDisabled":false,"CloakBlocked":false,"LogoutBlocked":false,"DeathLocationRepair":true}',
  `factionID` int(1) NOT NULL DEFAULT 0
) ENGINE=InnoDB DEFAULT CHARSET=utf8 COLLATE=utf8_bin;

--
-- Tablo döküm verisi `server_maps`
--

INSERT INTO `server_maps` (`mapID`, `name`, `stations`, `portals`, `collectables`, `options`, `factionID`) VALUES
(1, '1-1', '', '', '', '{\"StarterMap\":false,\"PvpMap\":false,\"RangeDisabled\":false,\"CloakBlocked\":false,\"LogoutBlocked\":false,\"DeathLocationRepair\":true}', 0),
(2, '1-2', '', '', '', '{\"StarterMap\":false,\"PvpMap\":false,\"RangeDisabled\":false,\"CloakBlocked\":false,\"LogoutBlocked\":false,\"DeathLocationRepair\":true}', 0),
(3, '1-3', '', '', '', '{\"StarterMap\":false,\"PvpMap\":false,\"RangeDisabled\":false,\"CloakBlocked\":false,\"LogoutBlocked\":false,\"DeathLocationRepair\":true}', 0),
(4, '1-4', '', '', '', '{\"StarterMap\":false,\"PvpMap\":false,\"RangeDisabled\":false,\"CloakBlocked\":false,\"LogoutBlocked\":false,\"DeathLocationRepair\":true}', 0),
(5, '2-1', '', '', '', '{\"StarterMap\":false,\"PvpMap\":false,\"RangeDisabled\":false,\"CloakBlocked\":false,\"LogoutBlocked\":false,\"DeathLocationRepair\":true}', 0),
(6, '2-2', '', '', '', '{\"StarterMap\":false,\"PvpMap\":false,\"RangeDisabled\":false,\"CloakBlocked\":false,\"LogoutBlocked\":false,\"DeathLocationRepair\":true}', 0),
(7, '2-3', '', '', '', '{\"StarterMap\":false,\"PvpMap\":false,\"RangeDisabled\":false,\"CloakBlocked\":false,\"LogoutBlocked\":false,\"DeathLocationRepair\":true}', 0),
(8, '2-4', '', '', '', '{\"StarterMap\":false,\"PvpMap\":false,\"RangeDisabled\":false,\"CloakBlocked\":false,\"LogoutBlocked\":false,\"DeathLocationRepair\":true}', 0),
(9, '3-1', '', '', '', '{\"StarterMap\":false,\"PvpMap\":false,\"RangeDisabled\":false,\"CloakBlocked\":false,\"LogoutBlocked\":false,\"DeathLocationRepair\":true}', 0),
(10, '3-2', '', '', '', '{\"StarterMap\":false,\"PvpMap\":false,\"RangeDisabled\":false,\"CloakBlocked\":false,\"LogoutBlocked\":false,\"DeathLocationRepair\":true}', 0),
(11, '3-3', '', '', '', '{\"StarterMap\":false,\"PvpMap\":false,\"RangeDisabled\":false,\"CloakBlocked\":false,\"LogoutBlocked\":false,\"DeathLocationRepair\":true}', 0),
(12, '3-4', '', '', '', '{\"StarterMap\":false,\"PvpMap\":false,\"RangeDisabled\":false,\"CloakBlocked\":false,\"LogoutBlocked\":false,\"DeathLocationRepair\":true}', 0),
(13, '4-1', '[{   \"TypeId\": 46,   \"FactionId\": 1,   \"Position\": [1600,1600] }]', '[{   \"TargetSpaceMapId\": 16,   \"Position\": [10000, 6200],   \"TargetPosition\": [19200,13400],   \"GraphicId\": 1,   \"FactionId\": 1,   \"Visible\": true,   \"Working\": true },{   \"TargetSpaceMapId\": 14,   \"Position\": [18900, 1900],   \"TargetPosition\": [2500,10900],   \"GraphicId\": 1,   \"FactionId\": 1,   \"Visible\": true,   \"Working\": true },{   \"TargetSpaceMapId\": 15,   \"Position\": [18900, 11300],   \"TargetPosition\": [2000,11200],   \"GraphicId\": 1,   \"FactionId\": 1,   \"Visible\": true,   \"Working\": true }]', '[{   \"TypeId\": 2,   \"Amount\": 100,   \"TopLeft\": [18300,1100], \"BottomRight\": [18300,1100], \"Respawnable\":true }]', '{\"StarterMap\":false,\"PvpMap\":true,\"RangeDisabled\":true,\"CloakBlocked\":false,\"LogoutBlocked\":false,\"DeathLocationRepair\":true}', 0),
(14, '4-2', '[{   \"TypeId\": 46,   \"FactionId\": 2,   \"Position\": [19500,1500] }]', '[{   \"TargetSpaceMapId\": 16,   \"Position\": [10400, 6300],   \"TargetPosition\": [21900,11900],   \"GraphicId\": 1,   \"FactionId\": 1,   \"Visible\": true,   \"Working\": true }, {   \"TargetSpaceMapId\": 13,   \"Position\": [2500, 10900],   \"TargetPosition\": [18900,1900],   \"GraphicId\": 1,   \"FactionId\": 1,   \"Visible\": true,   \"Working\": true }, {   \"TargetSpaceMapId\": 15,   \"Position\": [18900, 10900],   \"TargetPosition\": [2000,1900],   \"GraphicId\": 1,   \"FactionId\": 1,   \"Visible\": true,   \"Working\": true }]', '[{   \"TypeId\": 2,   \"Amount\": 100,   \"TopLeft\": [18300,1100], \"BottomRight\": [18300,1100], \"Respawnable\":true }]', '{\"StarterMap\":false,\"PvpMap\":true,\"RangeDisabled\":true,\"CloakBlocked\":false,\"LogoutBlocked\":false,\"DeathLocationRepair\":true}', 0),
(15, '4-3', '[{   \"TypeId\": 46,   \"FactionId\": 3,   \"Position\": [19500,11600] }]', '[{   \"TargetSpaceMapId\": 16,   \"Position\": [10300, 6600],   \"TargetPosition\": [21900,14500],   \"GraphicId\": 1,   \"FactionId\": 1,   \"Visible\": true,   \"Working\": true },  {   \"TargetSpaceMapId\": 13,   \"Position\": [2000,11200],   \"TargetPosition\": [18900,11300],   \"GraphicId\": 1,   \"FactionId\": 1,   \"Visible\": true,   \"Working\": true },  {   \"TargetSpaceMapId\": 14,   \"Position\": [2000,1900],   \"TargetPosition\": [18700,10900],   \"GraphicId\": 1,   \"FactionId\": 1,   \"Visible\": true,   \"Working\": true }]', '[{   \"TypeId\": 2,   \"Amount\": 100,   \"TopLeft\": [18300,1100], \"BottomRight\": [18300,1100], \"Respawnable\":true }]', '{\"StarterMap\":false,\"PvpMap\":true,\"RangeDisabled\":true,\"CloakBlocked\":false,\"LogoutBlocked\":false,\"DeathLocationRepair\":true}', 0),
(16, '4-4', '', '[{   \"TargetSpaceMapId\": 13,   \"Position\": [19200,13400],   \"TargetPosition\": [10000,6200],   \"GraphicId\": 1,   \"FactionId\": 1,   \"Visible\": true,   \"Working\": true },  {   \"TargetSpaceMapId\": 14,   \"Position\": [21900,11900],   \"TargetPosition\": [10400,6300],   \"GraphicId\": 1,   \"FactionId\": 1,   \"Visible\": true,   \"Working\": true },  {   \"TargetSpaceMapId\": 15,   \"Position\": [21900,14500],   \"TargetPosition\": [10300,6600],   \"GraphicId\": 1,   \"FactionId\": 1,   \"Visible\": true,   \"Working\": true }]', '', '{\"StarterMap\":false,\"PvpMap\":true,\"RangeDisabled\":true,\"CloakBlocked\":false,\"LogoutBlocked\":false,\"DeathLocationRepair\":true}', 0),
(17, '1-5', '', '', '', '{\"StarterMap\":false,\"PvpMap\":false,\"RangeDisabled\":false,\"CloakBlocked\":false,\"LogoutBlocked\":false,\"DeathLocationRepair\":true}', 0),
(18, '1-6', '', '', '', '{\"StarterMap\":false,\"PvpMap\":false,\"RangeDisabled\":false,\"CloakBlocked\":false,\"LogoutBlocked\":false,\"DeathLocationRepair\":true}', 0),
(19, '1-7', '', '', '', '{\"StarterMap\":false,\"PvpMap\":false,\"RangeDisabled\":false,\"CloakBlocked\":false,\"LogoutBlocked\":false,\"DeathLocationRepair\":true}', 0),
(20, '1-8', '', '', '', '{\"StarterMap\":false,\"PvpMap\":false,\"RangeDisabled\":false,\"CloakBlocked\":false,\"LogoutBlocked\":false,\"DeathLocationRepair\":true}', 0),
(21, '2-5', '', '', '', '{\"StarterMap\":false,\"PvpMap\":false,\"RangeDisabled\":false,\"CloakBlocked\":false,\"LogoutBlocked\":false,\"DeathLocationRepair\":true}', 0),
(22, '2-6', '', '', '', '{\"StarterMap\":false,\"PvpMap\":false,\"RangeDisabled\":false,\"CloakBlocked\":false,\"LogoutBlocked\":false,\"DeathLocationRepair\":true}', 0),
(23, '2-7', '', '', '', '{\"StarterMap\":false,\"PvpMap\":false,\"RangeDisabled\":false,\"CloakBlocked\":false,\"LogoutBlocked\":false,\"DeathLocationRepair\":true}', 0),
(24, '2-8', '', '', '', '{\"StarterMap\":false,\"PvpMap\":false,\"RangeDisabled\":false,\"CloakBlocked\":false,\"LogoutBlocked\":false,\"DeathLocationRepair\":true}', 0),
(25, '3-5', '', '', '', '{\"StarterMap\":false,\"PvpMap\":false,\"RangeDisabled\":false,\"CloakBlocked\":false,\"LogoutBlocked\":false,\"DeathLocationRepair\":true}', 0),
(26, '3-6', '', '', '', '{\"StarterMap\":false,\"PvpMap\":false,\"RangeDisabled\":false,\"CloakBlocked\":false,\"LogoutBlocked\":false,\"DeathLocationRepair\":true}', 0),
(27, '3-7', '', '', '', '{\"StarterMap\":false,\"PvpMap\":false,\"RangeDisabled\":false,\"CloakBlocked\":false,\"LogoutBlocked\":false,\"DeathLocationRepair\":true}', 0),
(28, '3-8', '', '', '', '{\"StarterMap\":false,\"PvpMap\":false,\"RangeDisabled\":false,\"CloakBlocked\":false,\"LogoutBlocked\":false,\"DeathLocationRepair\":true}', 0),
(42, '???', '', '', '', '{\"StarterMap\":false,\"PvpMap\":false,\"RangeDisabled\":true,\"CloakBlocked\":true,\"LogoutBlocked\":true,\"DeathLocationRepair\":false}', 0),
(71, 'GG Zeta', '', '', '', '{\"StarterMap\":false,\"PvpMap\":false,\"RangeDisabled\":false,\"CloakBlocked\":false,\"LogoutBlocked\":false,\"DeathLocationRepair\":true}', 0),
(74, 'GG Kappa', '', '', '', '{\"StarterMap\":false,\"PvpMap\":false,\"RangeDisabled\":false,\"CloakBlocked\":false,\"LogoutBlocked\":false,\"DeathLocationRepair\":true}', 0),
(101, 'JP', '', '', '', '{\"StarterMap\":false,\"PvpMap\":false,\"RangeDisabled\":true,\"CloakBlocked\":true,\"LogoutBlocked\":true,\"DeathLocationRepair\":false}', 0),
(102, 'JP', '', '', '', '{\"StarterMap\":false,\"PvpMap\":false,\"RangeDisabled\":false,\"CloakBlocked\":false,\"LogoutBlocked\":false,\"DeathLocationRepair\":true}', 0),
(103, 'JP', '', '', '', '{\"StarterMap\":false,\"PvpMap\":false,\"RangeDisabled\":false,\"CloakBlocked\":false,\"LogoutBlocked\":false,\"DeathLocationRepair\":true}', 0),
(104, 'JP', '', '', '', '{\"StarterMap\":false,\"PvpMap\":false,\"RangeDisabled\":false,\"CloakBlocked\":false,\"LogoutBlocked\":false,\"DeathLocationRepair\":true}', 0),
(105, 'JP', '', '', '', '{\"StarterMap\":false,\"PvpMap\":false,\"RangeDisabled\":false,\"CloakBlocked\":false,\"LogoutBlocked\":false,\"DeathLocationRepair\":true}', 0),
(106, 'JP', '', '', '', '{\"StarterMap\":false,\"PvpMap\":false,\"RangeDisabled\":false,\"CloakBlocked\":false,\"LogoutBlocked\":false,\"DeathLocationRepair\":true}', 0),
(107, 'JP', '', '', '', '{\"StarterMap\":false,\"PvpMap\":false,\"RangeDisabled\":false,\"CloakBlocked\":false,\"LogoutBlocked\":false,\"DeathLocationRepair\":true}', 0),
(108, 'JP', '', '', '', '{\"StarterMap\":false,\"PvpMap\":false,\"RangeDisabled\":false,\"CloakBlocked\":false,\"LogoutBlocked\":false,\"DeathLocationRepair\":true}', 0),
(109, 'JP', '', '', '', '{\"StarterMap\":false,\"PvpMap\":false,\"RangeDisabled\":false,\"CloakBlocked\":false,\"LogoutBlocked\":false,\"DeathLocationRepair\":true}', 0),
(110, 'JP', '', '', '', '{\"StarterMap\":false,\"PvpMap\":false,\"RangeDisabled\":false,\"CloakBlocked\":false,\"LogoutBlocked\":false,\"DeathLocationRepair\":true}', 0),
(111, 'JP', '', '', '', '{\"StarterMap\":false,\"PvpMap\":false,\"RangeDisabled\":false,\"CloakBlocked\":false,\"LogoutBlocked\":false,\"DeathLocationRepair\":true}', 0),
(121, 'TA', '', '', '', '{\"StarterMap\":false,\"PvpMap\":false,\"RangeDisabled\":true,\"CloakBlocked\":true,\"LogoutBlocked\":true,\"DeathLocationRepair\":false}', 0),
(200, 'LoW', '', '', '', '{\"StarterMap\":false,\"PvpMap\":false,\"RangeDisabled\":false,\"CloakBlocked\":false,\"LogoutBlocked\":false,\"DeathLocationRepair\":true}', 0),
(224, 'Custom Tournament', '', '', '', '{\"StarterMap\":false,\"PvpMap\":false,\"RangeDisabled\":false,\"CloakBlocked\":false,\"LogoutBlocked\":false,\"DeathLocationRepair\":true}', 0);

-- --------------------------------------------------------

--
-- Tablo için tablo yapısı `server_rbc`
--

CREATE TABLE `server_rbc` (
  `ID` int(11) NOT NULL,
  `userID` int(11) NOT NULL,
  `Amount` int(11) NOT NULL,
  `Date` timestamp NOT NULL DEFAULT current_timestamp()
) ENGINE=InnoDB DEFAULT CHARSET=utf8 COLLATE=utf8_bin;

-- --------------------------------------------------------

--
-- Tablo için tablo yapısı `server_ships`
--

CREATE TABLE `server_ships` (
  `shipID` int(11) NOT NULL,
  `baseShipId` int(11) NOT NULL,
  `lootID` varchar(255) COLLATE utf8_bin NOT NULL DEFAULT '',
  `name` varchar(255) COLLATE utf8_bin NOT NULL DEFAULT '',
  `health` int(11) NOT NULL DEFAULT 0,
  `shield` int(11) NOT NULL DEFAULT 0,
  `speed` int(11) NOT NULL DEFAULT 300,
  `lasers` int(11) NOT NULL DEFAULT 1,
  `generators` int(11) NOT NULL DEFAULT 1,
  `cargo` int(11) NOT NULL DEFAULT 100,
  `damage` int(11) NOT NULL DEFAULT 20,
  `reward` varchar(2048) COLLATE utf8_bin NOT NULL DEFAULT '[{   "Experience": 0,   "Honor": 0,   "Credits": 0,   "Uridium": 0 }]'
) ENGINE=InnoDB DEFAULT CHARSET=utf8 COLLATE=utf8_bin;

--
-- Tablo döküm verisi `server_ships`
--

INSERT INTO `server_ships` (`shipID`, `baseShipId`, `lootID`, `name`, `health`, `shield`, `speed`, `lasers`, `generators`, `cargo`, `damage`, `reward`) VALUES
(1, 0, 'ship_phoenix', 'Phoenix', 0, 0, 0, 0, 0, 0, 0, '{\"Experience\":0,\"Honor\":0,\"Credits\":0,\"Uridium\":0}'),
(2, 0, 'ship_yamato', 'Yamato', 0, 0, 0, 0, 0, 0, 0, '{\"Experience\":0,\"Honor\":0,\"Credits\":0,\"Uridium\":0}'),
(3, 0, 'ship_leonov', 'Leonov', 0, 0, 0, 0, 0, 0, 0, '{\"Experience\":0,\"Honor\":0,\"Credits\":0,\"Uridium\":0}'),
(4, 0, 'ship_defcom', 'Defcom', 0, 0, 0, 0, 0, 0, 0, '{\"Experience\":0,\"Honor\":0,\"Credits\":0,\"Uridium\":0}'),
(5, 0, 'ship_liberator', 'Liberator', 0, 0, 0, 0, 0, 0, 0, '{\"Experience\":0,\"Honor\":0,\"Credits\":0,\"Uridium\":0}'),
(6, 0, 'ship_piranha', 'Piranha', 0, 0, 0, 0, 0, 0, 0, '{\"Experience\":0,\"Honor\":0,\"Credits\":0,\"Uridium\":0}'),
(7, 0, 'ship_nostromo', 'Nostromo', 0, 0, 0, 0, 0, 0, 0, '{\"Experience\":0,\"Honor\":0,\"Credits\":0,\"Uridium\":0}'),
(8, 8, 'ship_vengeance', 'Vengeance', 180000, 0, 380, 10, 10, 0, 0, '{\"Experience\":25600,\"Honor\":256,\"Credits\":0,\"Uridium\":256}'),
(9, 0, 'ship_bigboy', 'Bigboy', 0, 0, 0, 0, 0, 0, 0, '{\"Experience\":0,\"Honor\":0,\"Credits\":0,\"Uridium\":0}'),
(10, 10, 'ship_goliath', 'Goliath', 256000, 0, 300, 15, 15, 0, 0, '{\"Experience\":51200,\"Honor\":512,\"Credits\":0,\"Uridium\":512}'),
(12, 0, 'pet', 'P.E.T. Level 1-3', 0, 0, 0, 0, 0, 0, 0, '{\"Experience\":0,\"Honor\":0,\"Credits\":0,\"Uridium\":0}'),
(13, 0, 'pet', 'P.E.T. Red', 0, 0, 0, 0, 0, 0, 0, '{\"Experience\":0,\"Honor\":0,\"Credits\":0,\"Uridium\":0}'),
(14, 0, 'pet', 'P.E.T. Green', 0, 0, 0, 0, 0, 0, 0, '{\"Experience\":0,\"Honor\":0,\"Credits\":0,\"Uridium\":0}'),
(15, 0, 'pet', 'P.E.T. Frozen', 0, 0, 0, 0, 0, 0, 0, '{\"Experience\":0,\"Honor\":0,\"Credits\":0,\"Uridium\":0}'),
(16, 8, 'ship_vengeance_design_adept', 'Adept', 180000, 0, 380, 10, 10, 0, 0, '{\"Experience\":25600,\"Honor\":256,\"Credits\":0,\"Uridium\":256}'),
(17, 8, 'ship_vengeance_design_corsair', 'Corsair', 180000, 0, 380, 10, 10, 0, 0, '{\"Experience\":25600,\"Honor\":256,\"Credits\":0,\"Uridium\":256}'),
(18, 8, 'ship_vengeance_design_lightning', 'Lightning', 180000, 0, 380, 10, 10, 0, 0, '{\"Experience\":25600,\"Honor\":256,\"Credits\":0,\"Uridium\":256}'),
(19, 10, 'ship_goliath_design_jade', 'Jade', 256000, 0, 300, 15, 15, 0, 0, '{\"Experience\":51200,\"Honor\":512,\"Credits\":0,\"Uridium\":512}'),
(20, 0, 'ship_admin', 'Ufo', 0, 0, 0, 0, 0, 0, 0, '{\"Experience\":0,\"Honor\":0,\"Credits\":0,\"Uridium\":0}'),
(22, 0, 'pet', 'P.E.T. Normal', 0, 50000, 0, 0, 0, 0, 0, '{\"Experience\":0,\"Honor\":0,\"Credits\":0,\"Uridium\":0}'),
(49, 49, 'ship_aegis', 'Aegis', 275000, 0, 300, 10, 15, 0, 0, '{\"Experience\":25000,\"Honor\":250,\"Credits\":0,\"Uridium\":250}'),
(52, 10, 'ship_goliath_design_amber', 'Amber', 256000, 0, 300, 15, 15, 0, 0, '{\"Experience\":51200,\"Honor\":512,\"Credits\":0,\"Uridium\":512}'),
(53, 10, 'ship_goliath_design_crimson', 'Crimson', 256000, 0, 300, 15, 15, 0, 0, '{\"Experience\":51200,\"Honor\":512,\"Credits\":0,\"Uridium\":512}'),
(54, 10, 'ship_goliath_design_sapphire', 'Sapphire', 256000, 0, 300, 15, 15, 0, 0, '{\"Experience\":51200,\"Honor\":512,\"Credits\":0,\"Uridium\":512}'),
(56, 10, 'ship_goliath_design_enforcer', 'Enforcer', 256000, 0, 300, 15, 15, 0, 0, '{\"Experience\":51200,\"Honor\":512,\"Credits\":0,\"Uridium\":512}'),
(57, 10, 'ship_goliath_design_independence', 'Independence', 256000, 0, 300, 15, 15, 0, 0, '{\"Experience\":51200,\"Honor\":512,\"Credits\":0,\"Uridium\":512}'),
(58, 8, 'ship_vengeance_design_revenge', 'Revenge', 180000, 0, 380, 10, 10, 0, 0, '{\"Experience\":25600,\"Honor\":256,\"Credits\":0,\"Uridium\":256}'),
(59, 10, 'ship_goliath_design_bastion', 'Bastion', 256000, 0, 300, 15, 15, 0, 0, '{\"Experience\":51200,\"Honor\":512,\"Credits\":0,\"Uridium\":512}'),
(60, 8, 'ship_vengeance_design_avenger', 'Avenger', 180000, 0, 380, 10, 10, 0, 0, '{\"Experience\":25600,\"Honor\":256,\"Credits\":0,\"Uridium\":256}'),
(61, 10, 'ship_goliath_design_veteran', 'Veteran', 256000, 0, 300, 15, 15, 0, 0, '{\"Experience\":51200,\"Honor\":512,\"Credits\":0,\"Uridium\":512}'),
(62, 10, 'ship_goliath_design_exalted', 'Exalted', 256000, 0, 300, 15, 15, 0, 0, '{\"Experience\":51200,\"Honor\":512,\"Credits\":0,\"Uridium\":512}'),
(63, 10, 'ship_goliath_design_solace', 'Solace', 256000, 0, 300, 15, 15, 0, 0, '{\"Experience\":51200,\"Honor\":512,\"Credits\":0,\"Uridium\":512}'),
(64, 10, 'ship_goliath_design_diminisher', 'Diminisher', 256000, 0, 300, 15, 15, 0, 0, '{\"Experience\":51200,\"Honor\":512,\"Credits\":0,\"Uridium\":512}'),
(65, 10, 'ship_goliath_design_spectrum', 'Spectrum', 256000, 0, 300, 15, 15, 0, 0, '{\"Experience\":51200,\"Honor\":512,\"Credits\":0,\"Uridium\":512}'),
(66, 10, 'ship_goliath_design_sentinel', 'Sentinel', 256000, 0, 300, 15, 15, 0, 0, '{\"Experience\":51200,\"Honor\":512,\"Credits\":0,\"Uridium\":512}'),
(67, 10, 'ship_goliath_design_venom', 'Venom', 256000, 0, 300, 15, 15, 0, 0, '{\"Experience\":51200,\"Honor\":512,\"Credits\":0,\"Uridium\":512}'),
(68, 10, 'ship_goliath_design_ignite', 'Ignite', 256000, 0, 300, 15, 15, 0, 0, '{\"Experience\":51200,\"Honor\":512,\"Credits\":0,\"Uridium\":512}'),
(69, 69, 'ship_citadel', 'Citadel', 550000, 0, 240, 7, 20, 0, 0, '{\"Experience\":120000,\"Honor\":1200,\"Credits\":0,\"Uridium\":1200}'),
(70, 70, 'ship_spearhead', 'Spearhead', 100000, 0, 370, 5, 12, 0, 0, '{\"Experience\":7500,\"Honor\":75,\"Credits\":0,\"Uridium\":75}'),
(86, 10, 'ship_goliath_design_kick', 'Kick', 256000, 0, 300, 15, 15, 0, 0, '{\"Experience\":51200,\"Honor\":512,\"Credits\":0,\"Uridium\":512}'),
(87, 10, 'ship_goliath_design_referee', 'Referee', 256000, 0, 300, 15, 15, 0, 0, '{\"Experience\":51200,\"Honor\":512,\"Credits\":0,\"Uridium\":512}'),
(88, 10, 'ship_goliath_design_goal', 'Goal', 256000, 0, 300, 15, 15, 0, 0, '{\"Experience\":51200,\"Honor\":512,\"Credits\":0,\"Uridium\":512}'),
(98, 0, 'ship_police', 'PoliceShip', 0, 0, 0, 35, 35, 0, 0, '{\"Experience\":0,\"Honor\":0,\"Credits\":0,\"Uridium\":0}'),
(109, 10, 'ship_goliath_design_saturn', 'Saturn', 256000, 0, 300, 15, 15, 0, 0, '{\"Experience\":51200,\"Honor\":512,\"Credits\":0,\"Uridium\":512}'),
(110, 10, 'ship_goliath_design_centaur', 'Centaur', 256000, 0, 300, 15, 15, 0, 0, '{\"Experience\":51200,\"Honor\":512,\"Credits\":0,\"Uridium\":512}'),
(120, 10, 'ship_goliath_design_turkish', 'Hezarfen', 256000, 0, 300, 15, 15, 0, 0, '{\"Experience\":51200,\"Honor\":512,\"Credits\":0,\"Uridium\":512}'),
(140, 10, 'ship_goliath_design_vanquisher', 'Vanquisher', 256000, 0, 300, 15, 15, 0, 0, '{\"Experience\":51200,\"Honor\":512,\"Credits\":0,\"Uridium\":512}'),
(141, 10, 'ship_goliath_design_sovereign', 'Sovereign', 256000, 0, 300, 15, 15, 0, 0, '{\"Experience\":51200,\"Honor\":512,\"Credits\":0,\"Uridium\":512}'),
(142, 10, 'ship_goliath_design_peacemaker', 'Peacemaker', 256000, 0, 300, 15, 15, 0, 0, '{\"Experience\":51200,\"Honor\":512,\"Credits\":0,\"Uridium\":512}'),
(150, 0, 'ship_nostromo_design_diplomat', 'Nostromo Diplomat', 0, 0, 0, 0, 0, 0, 0, '{\"Experience\":0,\"Honor\":0,\"Credits\":0,\"Uridium\":0}'),
(151, 0, 'ship_nostromo_design_envoy', 'Nostromo Envoy', 0, 0, 0, 0, 0, 0, 0, '{\"Experience\":0,\"Honor\":0,\"Credits\":0,\"Uridium\":0}'),
(152, 0, 'ship_nostromo_design_ambassador', 'Nostromo Ambassador', 0, 0, 0, 0, 0, 0, 0, '{\"Experience\":0,\"Honor\":0,\"Credits\":0,\"Uridium\":0}'),
(153, 10, 'ship_goliath_design_goliath-razer', 'Razer', 256000, 0, 300, 15, 15, 0, 0, '{\"Experience\":51200,\"Honor\":512,\"Credits\":0,\"Uridium\":512}'),
(154, 0, 'ship_nostromo_design_nostromo-razer', 'Nostromo Razer', 0, 0, 0, 0, 0, 0, 0, '{\"Experience\":0,\"Honor\":0,\"Credits\":0,\"Uridium\":0}'),
(155, 10, 'ship_goliath_design_turkish', 'Hezarfen', 256000, 0, 300, 15, 15, 0, 0, '{\"Experience\":51200,\"Honor\":512,\"Credits\":0,\"Uridium\":512}'),
(156, 156, 'ship_goliath_design_plague', 'Surgeon', 256000, 0, 300, 15, 16, 0, 0, '{\"Experience\":51200,\"Honor\":512,\"Credits\":0,\"Uridium\":512}'),
(157, 0, 'ship_aegis_design_aegis-elite', 'Aegis Veteran', 0, 0, 0, 0, 0, 0, 0, '{\"Experience\":0,\"Honor\":0,\"Credits\":0,\"Uridium\":0}'),
(158, 0, 'ship_aegis_design_aegis-superelite', 'Aegis Super Elite', 0, 0, 0, 0, 0, 0, 0, '{\"Experience\":0,\"Honor\":0,\"Credits\":0,\"Uridium\":0}'),
(159, 0, 'ship_citadel_design_citadel-elite', 'Citadel Veteran', 0, 0, 0, 0, 0, 0, 0, '{\"Experience\":0,\"Honor\":0,\"Credits\":0,\"Uridium\":0}'),
(160, 0, 'ship_citadel_design_citadel-superelite', 'Citadel Super Elite', 0, 0, 0, 0, 0, 0, 0, '{\"Experience\":0,\"Honor\":0,\"Credits\":0,\"Uridium\":0}'),
(161, 0, 'ship_spearhead_design_spearhead-elite', 'Spearhead Veteran', 0, 0, 0, 0, 0, 0, 0, '{\"Experience\":0,\"Honor\":0,\"Credits\":0,\"Uridium\":0}'),
(162, 0, 'ship_spearhead_design_spearhead-superelite', 'Spearhead Super Elite', 0, 0, 0, 0, 0, 0, 0, '{\"Experience\":0,\"Honor\":0,\"Credits\":0,\"Uridium\":0}'),
(442, 0, 'spaceball_summer', '..::{Spaceball}::..', 0, 0, 0, 0, 0, 0, 0, '{\"Experience\":0,\"Honor\":0,\"Credits\":0,\"Uridium\":0}'),
(443, 0, 'spaceball_winter', '..::{Spaceball}::..', 0, 0, 0, 0, 0, 0, 0, '{\"Experience\":0,\"Honor\":0,\"Credits\":0,\"Uridium\":0}'),
(444, 0, 'spaceball_soccer', '..::{Spaceball}::..', 0, 0, 0, 0, 0, 0, 0, '{\"Experience\":0,\"Honor\":0,\"Credits\":0,\"Uridium\":0}');

-- --------------------------------------------------------

--
-- Tablo için tablo yapısı `server_shop`
--

CREATE TABLE `server_shop` (
  `ItemID` int(11) NOT NULL,
  `Category` varchar(32) COLLATE utf8_bin NOT NULL,
  `Item` varchar(32) COLLATE utf8_bin NOT NULL,
  `ItemHash` varchar(128) COLLATE utf8_bin NOT NULL,
  `Cost` int(11) NOT NULL,
  `Type` int(1) NOT NULL DEFAULT 1,
  `Enabled` int(1) NOT NULL DEFAULT 1
) ENGINE=InnoDB DEFAULT CHARSET=utf8 COLLATE=utf8_bin;

--
-- Tablo döküm verisi `server_shop`
--

INSERT INTO `server_shop` (`ItemID`, `Category`, `Item`, `ItemHash`, `Cost`, `Type`, `Enabled`) VALUES
(1, 'Drone', 'Apis', 'VlZab1EyTkhUak5RVkRBOQ==', 250000, 1, 1),
(2, 'Drone', 'Zeus', 'VmpJeFYwMVhUak5RVkRBOQ==', 250000, 1, 1),
(3, 'Ship', 'Vengeance', 'Vm0weFYyUldiM2xXYldocFlsVTFjdz09', 30000, 1, 0),
(4, 'Ship', 'Goliath', 'VldwSk5XTXlSbGhTYWtKb1VWUXdPUT09', 80000, 1, 0),
(5, 'Ship', 'Champion', 'VlZSS2IyRkhTbGxSYmtKcFRXcFJPUT09', 500000, 1, 0),
(6, 'Ship', 'Surgeon', 'VmxST1YyVldiM2xXYmxwcFdub3dPUT09', 500000, 1, 1),
(7, 'Ship', 'Hammerclaw', 'VlRCa1IyUkhTbGhXYm14YVRXNW9iMXBJWXpsUVVUMDk=', 500000, 1, 0),
(8, 'Ship', 'Pusat', 'VmxWb1YyVnNiRmxWVkRBOQ==', 0, 1, 1),
(9, 'Ship', 'Spearhead', 'VmxST1EySkdiRmxUYlRsaFZqQmFjZz09', 45000, 1, 1),
(10, 'Ship', 'Aegis', 'VlZaa1YySnRSbGxVVkRBOQ==', 450000, 1, 1),
(11, 'Ship', 'Citadel', 'VlZSS2MwMUdiRmhWYlhocFVWUXdPUT09', 500000, 1, 1),
(12, 'Pet', 'Pet', 'VmxWa1YwMUJQVDA9', 0, 1, 1),
(13, 'Design', 'Peacemaker', 'VmxWa1YyRkdhM2xXYmxKYVZqTlNjMWt5WXpsUVVUMDk=', 0, 1, 1),
(14, 'Design', 'Sovereign', 'VmxSSk5VMXNjRmxUYlhob1ZqSlNNUT09', 0, 1, 1),
(15, 'Design', 'Vanquisher', 'Vm0weFIyUlhUbGxXYmtKcVRXMW9jMWt5WXpsUVVUMDk=', 0, 1, 1),
(16, 'Design', 'Kick', 'VlhwS2MyRnRSak5RVkRBOQ==', 0, 1, 1),
(17, 'Design', 'Goal', 'VldwSk5XRkhTa0pRVkRBOQ==', 0, 1, 1),
(18, 'Design', 'Referee', 'VmxjeFYySldjRmxUYlhoaFZWUXdPUT09', 0, 1, 1),
(19, 'Design', 'Crimson', 'VlZST1MyTkhTbGxVYmxwcFdub3dPUT09', 0, 1, 1),
(20, 'Design', 'Centaur', 'VlZSS1YyUlhVa2hTYWtacVdub3dPUT09', 0, 1, 1),
(21, 'Design', 'Saturn', 'VmxSS1IwMUhVbGxUYmxVOQ==', 0, 1, 0),
(22, 'Design', 'Ignite', 'VlRGa2EyUlhSbGxWYlhjOQ==', 0, 1, 1),
(31, 'Design', 'Spearhead_Veteran', 'VmxST1EySkdiRmxUYlRsaFZqQmFjbGRFUm1GaVIxSklWbTVzV2xaNlVUaz0=', 0, 1, 0),
(32, 'Design', 'Aegis_Veteran', 'VlZaa1YySnRSbGxVYlZwWFlsWlpkMWRzYUV0aFIwcHVVRlF3UFE9PQ==', 0, 1, 0),
(33, 'Design', 'Citadel_Veteran', 'VlZSS2MwMUdiRmhWYlhocFVtcHNXRmRzYUZOaVIwNTBVbTVWUFE9PQ==', 0, 1, 0),
(34, 'Design', 'Spearhead_Elite', 'VmxST1EySkdiRmxUYlRsaFZqQmFjbGRFUWxkak1rWlpWVzEzUFE9PQ==', 0, 1, 0),
(35, 'Design', 'Aegis_Elite', 'VlZaa1YySnRSbGxVYlZwVFZqTm9kMXBGWkZaUVVUMDk=', 0, 1, 0),
(36, 'Design', 'Citadel_Elite', 'VlZSS2MwMUdiRmhWYlhocFVtcHNSMWxyWkhOTlJuQlNVRlF3UFE9PQ==', 0, 1, 0),
(37, 'Booster', 'cd-b01', 'VjFSS1VtUkdiSEZSV0djOQ==', 10000, 1, 0),
(38, 'Booster', 'cd-b02', 'VjFSS1VtUkdiSEZSV0dzOQ==', 10000, 1, 0),
(39, 'Booster', 'dmg-b01', 'VjJ0amVHSnJlRmhUV0dST1ZWUXdPUT09', 10000, 1, 1),
(40, 'Booster', 'dmg-b02', 'VjJ0amVHSnJlRmhUV0dST1dub3dPUT09', 10000, 1, 1),
(41, 'Booster', 'ep-b01', 'VjJ4b1FtUkdiSEZSV0djOQ==', 10000, 1, 1),
(42, 'Booster', 'ep-b02', 'VjJ4b1FtUkdiSEZSV0dzOQ==', 10000, 1, 1),
(43, 'Booster', 'hon-b01', 'V1ZWak5XUlZlRmhUV0dST1ZWUXdPUT09', 10000, 1, 1),
(44, 'Booster', 'hon-b02', 'V1ZWak5XUlZlRmhUV0dST1dub3dPUT09', 10000, 1, 1),
(45, 'Booster', 'hp-b01', 'V1ZWb1FtUkdiSEZSV0djOQ==', 10000, 1, 1),
(46, 'Booster', 'hp-b02', 'V1ZWb1FtUkdiSEZSV0dzOQ==', 10000, 1, 1),
(47, 'Booster', 'rep-b01', 'V1RJeFYyUXdlRmhUV0dST1ZWUXdPUT09', 10000, 1, 1),
(48, 'Booster', 'rep-b02', 'V1RJeFYyUXdlRmhUV0dST1dub3dPUT09', 10000, 1, 1),
(49, 'Booster', 'rep-s01', 'V1RJeFYyUXdlRmxVV0dST1ZWUXdPUT09', 10000, 1, 0),
(50, 'Booster', 'res-b01', 'V1RJeFYyVnJlRmhUV0dST1ZWUXdPUT09', 10000, 1, 0),
(51, 'Booster', 'res-b02', 'V1RJeFYyVnJlRmhUV0dST1dub3dPUT09', 10000, 1, 0),
(52, 'Booster', 'shd-b01', 'V1hwS2IyRXdlRmhUV0dST1ZWUXdPUT09', 10000, 1, 1),
(53, 'Booster', 'shd-b02', 'V1hwS2IyRXdlRmhUV0dST1dub3dPUT09', 10000, 1, 1),
(54, 'Booster', 'sreg-b01', 'V1hwT1MySkdjRFZOVjJ4T1VrVlZPUT09', 10000, 1, 0),
(55, 'Booster', 'sreg-b02', 'V1hwT1MySkdjRFZOVjJ4T1VrVnJPUT09', 10000, 1, 0),
(583, 'Extra', 'LogFile', 'VmtWak5XSnNTblJpU0U1aFZWUXdPUT09', 0, 1, 1),
(584, 'Extra', 'GreenKey', 'VldwT1MySkdjRmhPVlhoaFYwZHpPUT09', 0, 1, 1);

-- --------------------------------------------------------

--
-- Tablo için tablo yapısı `server_titles`
--

CREATE TABLE `server_titles` (
  `titleID` varchar(8) COLLATE utf8_bin NOT NULL,
  `title_tr` varchar(32) COLLATE utf8_bin NOT NULL,
  `title_en` varchar(32) COLLATE utf8_bin NOT NULL
) ENGINE=InnoDB DEFAULT CHARSET=utf8 COLLATE=utf8_bin;

-- --------------------------------------------------------

--
-- Tablo için tablo yapısı `server_video_event`
--

CREATE TABLE `server_video_event` (
  `AppID` int(11) NOT NULL,
  `UserID` int(11) NOT NULL,
  `Link` varchar(256) COLLATE utf8_bin NOT NULL,
  `RandomID` int(8) NOT NULL,
  `Date` timestamp NOT NULL DEFAULT current_timestamp()
) ENGINE=InnoDB DEFAULT CHARSET=utf8 COLLATE=utf8_bin;

--
-- Dökümü yapılmış tablolar için indeksler
--

--
-- Tablo için indeksler `chat_permissions`
--
ALTER TABLE `chat_permissions`
  ADD PRIMARY KEY (`id`);

--
-- Tablo için indeksler `log_account`
--
ALTER TABLE `log_account`
  ADD PRIMARY KEY (`LogID`);

--
-- Tablo için indeksler `log_event_jpb`
--
ALTER TABLE `log_event_jpb`
  ADD PRIMARY KEY (`id`);

--
-- Tablo için indeksler `log_player_kills`
--
ALTER TABLE `log_player_kills`
  ADD PRIMARY KEY (`id`);

--
-- Tablo için indeksler `player_accounts`
--
ALTER TABLE `player_accounts`
  ADD PRIMARY KEY (`userID`);

--
-- Tablo için indeksler `player_change_email`
--
ALTER TABLE `player_change_email`
  ADD PRIMARY KEY (`UserID`);

--
-- Tablo için indeksler `player_equipment`
--
ALTER TABLE `player_equipment`
  ADD PRIMARY KEY (`userId`);

--
-- Tablo için indeksler `player_galaxygates`
--
ALTER TABLE `player_galaxygates`
  ADD PRIMARY KEY (`ID`);

--
-- Tablo için indeksler `player_galaxygates2`
--
ALTER TABLE `player_galaxygates2`
  ADD PRIMARY KEY (`id`);

--
-- Tablo için indeksler `player_log`
--
ALTER TABLE `player_log`
  ADD PRIMARY KEY (`UserID`);

--
-- Tablo için indeksler `player_reference`
--
ALTER TABLE `player_reference`
  ADD PRIMARY KEY (`referenceID`);

--
-- Tablo için indeksler `player_settings`
--
ALTER TABLE `player_settings`
  ADD PRIMARY KEY (`userId`);

--
-- Tablo için indeksler `player_skilltree`
--
ALTER TABLE `player_skilltree`
  ADD UNIQUE KEY `userID` (`userID`);

--
-- Tablo için indeksler `server_advertisement`
--
ALTER TABLE `server_advertisement`
  ADD PRIMARY KEY (`advertisementID`);

--
-- Tablo için indeksler `server_bans`
--
ALTER TABLE `server_bans`
  ADD PRIMARY KEY (`id`);

--
-- Tablo için indeksler `server_battlestations`
--
ALTER TABLE `server_battlestations`
  ADD PRIMARY KEY (`id`);

--
-- Tablo için indeksler `server_blog`
--
ALTER TABLE `server_blog`
  ADD PRIMARY KEY (`BlogID`);

--
-- Tablo için indeksler `server_clan`
--
ALTER TABLE `server_clan`
  ADD PRIMARY KEY (`clanID`);

--
-- Tablo için indeksler `server_clan_applications`
--
ALTER TABLE `server_clan_applications`
  ADD PRIMARY KEY (`applicationID`);

--
-- Tablo için indeksler `server_clan_diplomacy`
--
ALTER TABLE `server_clan_diplomacy`
  ADD PRIMARY KEY (`ID`);

--
-- Tablo için indeksler `server_clan_diplomacy_applications`
--
ALTER TABLE `server_clan_diplomacy_applications`
  ADD PRIMARY KEY (`ID`);

--
-- Tablo için indeksler `server_evoucher`
--
ALTER TABLE `server_evoucher`
  ADD PRIMARY KEY (`ID`);

--
-- Tablo için indeksler `server_galaxygates`
--
ALTER TABLE `server_galaxygates`
  ADD PRIMARY KEY (`Gate_ID`);

--
-- Tablo için indeksler `server_maps`
--
ALTER TABLE `server_maps`
  ADD PRIMARY KEY (`mapID`);

--
-- Tablo için indeksler `server_rbc`
--
ALTER TABLE `server_rbc`
  ADD PRIMARY KEY (`ID`);

--
-- Tablo için indeksler `server_ships`
--
ALTER TABLE `server_ships`
  ADD PRIMARY KEY (`shipID`);

--
-- Tablo için indeksler `server_shop`
--
ALTER TABLE `server_shop`
  ADD PRIMARY KEY (`ItemID`);

--
-- Tablo için indeksler `server_video_event`
--
ALTER TABLE `server_video_event`
  ADD PRIMARY KEY (`AppID`);

--
-- Dökümü yapılmış tablolar için AUTO_INCREMENT değeri
--

--
-- Tablo için AUTO_INCREMENT değeri `chat_permissions`
--
ALTER TABLE `chat_permissions`
  MODIFY `id` int(11) NOT NULL AUTO_INCREMENT, AUTO_INCREMENT=2;

--
-- Tablo için AUTO_INCREMENT değeri `log_account`
--
ALTER TABLE `log_account`
  MODIFY `LogID` int(11) NOT NULL AUTO_INCREMENT, AUTO_INCREMENT=68;

--
-- Tablo için AUTO_INCREMENT değeri `log_event_jpb`
--
ALTER TABLE `log_event_jpb`
  MODIFY `id` int(11) NOT NULL AUTO_INCREMENT, AUTO_INCREMENT=8;

--
-- Tablo için AUTO_INCREMENT değeri `log_player_kills`
--
ALTER TABLE `log_player_kills`
  MODIFY `id` int(11) NOT NULL AUTO_INCREMENT, AUTO_INCREMENT=83;

--
-- Tablo için AUTO_INCREMENT değeri `player_accounts`
--
ALTER TABLE `player_accounts`
  MODIFY `userID` int(11) NOT NULL AUTO_INCREMENT, AUTO_INCREMENT=8;

--
-- Tablo için AUTO_INCREMENT değeri `player_equipment`
--
ALTER TABLE `player_equipment`
  MODIFY `userId` int(11) NOT NULL AUTO_INCREMENT, AUTO_INCREMENT=8;

--
-- Tablo için AUTO_INCREMENT değeri `player_galaxygates`
--
ALTER TABLE `player_galaxygates`
  MODIFY `ID` int(11) NOT NULL AUTO_INCREMENT, AUTO_INCREMENT=6;

--
-- Tablo için AUTO_INCREMENT değeri `player_galaxygates2`
--
ALTER TABLE `player_galaxygates2`
  MODIFY `id` int(11) NOT NULL AUTO_INCREMENT, AUTO_INCREMENT=3;

--
-- Tablo için AUTO_INCREMENT değeri `player_reference`
--
ALTER TABLE `player_reference`
  MODIFY `referenceID` int(11) NOT NULL AUTO_INCREMENT;

--
-- Tablo için AUTO_INCREMENT değeri `server_advertisement`
--
ALTER TABLE `server_advertisement`
  MODIFY `advertisementID` int(11) NOT NULL AUTO_INCREMENT, AUTO_INCREMENT=9;

--
-- Tablo için AUTO_INCREMENT değeri `server_bans`
--
ALTER TABLE `server_bans`
  MODIFY `id` int(11) NOT NULL AUTO_INCREMENT;

--
-- Tablo için AUTO_INCREMENT değeri `server_battlestations`
--
ALTER TABLE `server_battlestations`
  MODIFY `id` int(11) NOT NULL AUTO_INCREMENT, AUTO_INCREMENT=3;

--
-- Tablo için AUTO_INCREMENT değeri `server_blog`
--
ALTER TABLE `server_blog`
  MODIFY `BlogID` int(11) NOT NULL AUTO_INCREMENT;

--
-- Tablo için AUTO_INCREMENT değeri `server_clan`
--
ALTER TABLE `server_clan`
  MODIFY `clanID` int(11) NOT NULL AUTO_INCREMENT, AUTO_INCREMENT=33;

--
-- Tablo için AUTO_INCREMENT değeri `server_clan_applications`
--
ALTER TABLE `server_clan_applications`
  MODIFY `applicationID` int(11) NOT NULL AUTO_INCREMENT, AUTO_INCREMENT=22;

--
-- Tablo için AUTO_INCREMENT değeri `server_clan_diplomacy`
--
ALTER TABLE `server_clan_diplomacy`
  MODIFY `ID` int(11) NOT NULL AUTO_INCREMENT, AUTO_INCREMENT=13;

--
-- Tablo için AUTO_INCREMENT değeri `server_clan_diplomacy_applications`
--
ALTER TABLE `server_clan_diplomacy_applications`
  MODIFY `ID` int(11) NOT NULL AUTO_INCREMENT, AUTO_INCREMENT=5;

--
-- Tablo için AUTO_INCREMENT değeri `server_evoucher`
--
ALTER TABLE `server_evoucher`
  MODIFY `ID` int(11) NOT NULL AUTO_INCREMENT;

--
-- Tablo için AUTO_INCREMENT değeri `server_galaxygates`
--
ALTER TABLE `server_galaxygates`
  MODIFY `Gate_ID` int(11) NOT NULL AUTO_INCREMENT, AUTO_INCREMENT=2;

--
-- Tablo için AUTO_INCREMENT değeri `server_maps`
--
ALTER TABLE `server_maps`
  MODIFY `mapID` int(11) NOT NULL AUTO_INCREMENT, AUTO_INCREMENT=225;

--
-- Tablo için AUTO_INCREMENT değeri `server_rbc`
--
ALTER TABLE `server_rbc`
  MODIFY `ID` int(11) NOT NULL AUTO_INCREMENT;

--
-- Tablo için AUTO_INCREMENT değeri `server_ships`
--
ALTER TABLE `server_ships`
  MODIFY `shipID` int(11) NOT NULL AUTO_INCREMENT, AUTO_INCREMENT=445;

--
-- Tablo için AUTO_INCREMENT değeri `server_shop`
--
ALTER TABLE `server_shop`
  MODIFY `ItemID` int(11) NOT NULL AUTO_INCREMENT, AUTO_INCREMENT=585;

--
-- Tablo için AUTO_INCREMENT değeri `server_video_event`
--
ALTER TABLE `server_video_event`
  MODIFY `AppID` int(11) NOT NULL AUTO_INCREMENT;
COMMIT;

/*!40101 SET CHARACTER_SET_CLIENT=@OLD_CHARACTER_SET_CLIENT */;
/*!40101 SET CHARACTER_SET_RESULTS=@OLD_CHARACTER_SET_RESULTS */;
/*!40101 SET COLLATION_CONNECTION=@OLD_COLLATION_CONNECTION */;
